"ES","obsES","nsub","corr","Nvar","power","PC","powerbase","Nvar_gain","PC_gain"
"0",-3e-04,20,"0","N1",0.0534,NA,NA,NA,NA
"0",-7e-04,50,"0","N1",0.0512,NA,NA,NA,NA
"0",1e-04,80,"0","N1",0.0488,NA,NA,NA,NA
"0",0,110,"0","N1",0.0525,NA,NA,NA,NA
"0.3",0.3052,20,"0","N1",0.2298,NA,NA,NA,NA
"0.3",0.3016,50,"0","N1",0.4305,NA,NA,NA,NA
"0.3",0.3014,80,"0","N1",0.6095,NA,NA,NA,NA
"0.3",0.3014,110,"0","N1",0.7189,NA,NA,NA,NA
"0.5",0.5081,20,"0","N1",0.4579,NA,NA,NA,NA
"0.5",0.5036,50,"0","N1",0.7947,NA,NA,NA,NA
"0.5",0.5024,80,"0","N1",0.9363,NA,NA,NA,NA
"0.5",0.5016,110,"0","N1",0.983,NA,NA,NA,NA
"0.7",0.7139,20,"0","N1",0.7002,NA,NA,NA,NA
"0.7",0.7047,50,"0","N1",0.9678,NA,NA,NA,NA
"0.7",0.7033,80,"0","N1",0.9968,NA,NA,NA,NA
"0.7",0.7023,110,"0","N1",1,NA,NA,NA,NA
"0",-3e-04,20,"0","N2",0.0027,0.0506,0.0499039572880305,-0.0472039572880305,0.000696042711969456
"0",0.0016,20,"0.2","N2",0.0051,0.0499,0.0505147192328818,-0.0454147192328818,-0.000614719232881755
"0",0.0029,20,"0.4","N2",0.0099,0.0512,0.0509360289020179,-0.0410360289020179,0.000263971097982131
"0",0.0016,20,"0.6","N2",0.0139,0.0457,0.0505147192328818,-0.0366147192328818,-0.00481471923288176
"0",-3e-04,20,"0.8","N2",0.0246,0.0489,0.0499039572880305,-0.0253039572880305,-0.00100395728803054
"0",-7e-04,50,"0","N2",0.0028,0.0479,0.0496425321514612,-0.0468425321514612,-0.0017425321514612
"0",-8e-04,50,"0.2","N2",0.0049,0.0464,0.0495916321980616,-0.0446916321980616,-0.00319163219806162
"0",-0.0014,50,"0.4","N2",0.0076,0.0452,0.0492871064962146,-0.0416871064962146,-0.0040871064962146
"0",7e-04,50,"0.6","N2",0.0166,0.0512,0.0503595174317971,-0.0337595174317971,0.000840482568202884
"0",-6e-04,50,"0.8","N2",0.022,0.0477,0.0496934737822866,-0.0276934737822866,-0.00199347378228661
"0",1e-04,80,"0","N2",0.0018,0.0512,0.0500649836723929,-0.0482649836723929,0.00113501632760713
"0",-4e-04,80,"0.2","N2",0.0054,0.0485,0.0497407376512485,-0.0443407376512485,-0.00124073765124853
"0",0.0017,80,"0.4","N2",0.0094,0.0512,0.0511139080603971,-0.0417139080603971,8.60919396029405e-05
"0",0.0011,80,"0.6","N2",0.015,0.0502,0.0507185303471742,-0.0357185303471742,-0.000518530347174216
"0",8e-04,80,"0.8","N2",0.0252,0.0487,0.0505217568524646,-0.0253217568524646,-0.00182175685246463
"0",0,110,"0","N2",0.0026,0.0487,0.05,-0.0474,-0.00130000000000003
"0",2e-04,110,"0.2","N2",0.0045,0.0488,0.0501526864765079,-0.0456526864765079,-0.00135268647650794
"0",3e-04,110,"0.4","N2",0.0111,0.0491,0.0502291689816738,-0.0391291689816738,-0.00112916898167385
"0",-7e-04,110,"0.6","N2",0.017,0.0555,0.0494685144673687,-0.0324685144673687,0.00603148553263134
"0",0.0012,110,"0.8","N2",0.0262,0.0502,0.050921702307074,-0.024721702307074,-0.000721702307074044
"0.3",0.3052,20,"0","N2",0.0517,0.2797,0.24293980146196,-0.19123980146196,0.0367601985380401
"0.3",0.3062,20,"0.2","N2",0.0764,0.3599,0.243912734667963,-0.167512734667963,0.115987265332037
"0.3",0.3066,20,"0.4","N2",0.1001,0.3231,0.244302495602662,-0.144202495602662,0.0787975043973383
"0.3",0.3052,20,"0.6","N2",0.1237,0.2864,0.24293980146196,-0.11923980146196,0.0434601985380401
"0.3",0.3065,20,"0.8","N2",0.1596,0.2608,0.244205023919295,-0.084605023919295,0.016594976080705
"0.3",0.3016,50,"0","N2",0.1864,0.4975,0.441458791149122,-0.255058791149122,0.0560412088508783
"0.3",0.302,50,"0.2","N2",0.2215,0.6932,0.442242708269,-0.220742708269,0.250957291731
"0.3",0.3055,50,"0.4","N2",0.2609,0.6118,0.449111296609158,-0.188211296609158,0.162688703390842
"0.3",0.3036,50,"0.6","N2",0.2873,0.5416,0.445380608199049,-0.158080608199049,0.0962193918009512
"0.3",0.3047,50,"0.8","N2",0.3364,0.4873,0.447539912724247,-0.111139912724247,0.0397600872757528
"0.3",0.3014,80,"0","N2",0.3545,0.6411,0.599941761796267,-0.245441761796267,0.0411582382037334
"0.3",0.3017,80,"0.2","N2",0.382,0.8638,0.600671495600859,-0.218671495600859,0.263128504399141
"0.3",0.3006,80,"0.4","N2",0.4134,0.7811,0.597994104583243,-0.184594104583243,0.183105895416757
"0.3",0.3009,80,"0.6","N2",0.4507,0.7128,0.598724764070935,-0.148024764070935,0.114075235929065
"0.3",0.3029,80,"0.8","N2",0.5061,0.656,0.603586890498862,-0.0974868904988622,0.0524131095011379
"0.3",0.3014,110,"0","N2",0.5114,0.7164,0.720202748530836,-0.208802748530836,-0.00380274853083618
"0.3",0.3014,110,"0.2","N2",0.5437,0.9414,0.720202748530836,-0.176502748530836,0.221197251469164
"0.3",0.2986,110,"0.4","N2",0.549,0.881,0.713195136685695,-0.164195136685695,0.167804863314305
"0.3",0.299,110,"0.6","N2",0.5871,0.8251,0.714201299191121,-0.127101299191121,0.110898700808879
"0.3",0.3032,110,"0.8","N2",0.6308,0.7715,0.724663341644326,-0.0938633416443256,0.0468366583556743
"0.5",0.5081,20,"0","N2",0.207,0.5732,0.473376747234458,-0.266376747234458,0.0998232527655425
"0.5",0.513,20,"0.2","N2",0.251,0.6967,0.479436114319168,-0.228436114319168,0.217263885680832
"0.5",0.5122,20,"0.4","N2",0.2763,0.6338,0.478446469621318,-0.202146469621318,0.155353530378682
"0.5",0.5132,20,"0.6","N2",0.3112,0.5707,0.479683545440535,-0.168483545440535,0.0910164545594653
"0.5",0.5081,20,"0.8","N2",0.3621,0.5076,0.473376747234458,-0.111276747234458,0.0342232527655425
"0.5",0.5036,50,"0","N2",0.6295,0.8418,0.803918624686663,-0.174418624686663,0.037881375313337
"0.5",0.5048,50,"0.2","N2",0.6495,0.9723,0.805562659035789,-0.156062659035789,0.166737340964211
"0.5",0.5053,50,"0.4","N2",0.6775,0.9408,0.806245189423943,-0.128745189423943,0.134554810576057
"0.5",0.5042,50,"0.6","N2",0.6952,0.8946,0.804741693296707,-0.109541693296707,0.0898583067032929
"0.5",0.5071,50,"0.8","N2",0.7308,0.8485,0.808690180019692,-0.0778901800196919,0.0398098199803081
"0.5",0.5024,80,"0","N2",0.8718,0.9168,0.935612826528593,-0.063812826528593,-0.0188128265285931
"0.5",0.504,80,"0.2","N2",0.8745,0.9989,0.936871310370318,-0.0623713103703181,0.0620286896296819
"0.5",0.5023,80,"0.4","N2",0.8804,0.9921,0.935533528614439,-0.0551335286144391,0.0565664713855609
"0.5",0.5023,80,"0.6","N2",0.8902,0.98,0.935533528614439,-0.0453335286144391,0.0444664713855609
"0.5",0.5014,80,"0.8","N2",0.9002,0.9577,0.934816428960468,-0.0346164289604683,0.0228835710395316
"0.5",0.5016,110,"0","N2",0.9626,0.9481,0.980468965780079,-0.0178689657800793,-0.0323689657800793
"0.5",0.502,110,"0.2","N2",0.9598,0.9999,0.980608865572167,-0.0208088655721672,0.0192911344278328
"0.5",0.5018,110,"0.4","N2",0.9636,0.9994,0.980539022466417,-0.016939022466417,0.018860977533583
"0.5",0.501,110,"0.6","N2",0.9665,0.9954,0.980257509239574,-0.0137575092395739,0.0151424907604261
"0.5",0.5008,110,"0.8","N2",0.971,0.9913,0.98018659322998,-0.00918659322997961,0.0111134067700204
"0.7",0.7139,20,"0","N2",0.49,0.8256,0.716409374787307,-0.226409374787307,0.109190625212693
"0.7",0.7157,20,"0.2","N2",0.5247,0.9163,0.718299108148879,-0.193599108148879,0.198000891851121
"0.7",0.7114,20,"0.4","N2",0.5317,0.8704,0.713774708297452,-0.182074708297452,0.156625291702548
"0.7",0.7155,20,"0.6","N2",0.5747,0.8148,0.718089438033131,-0.143389438033131,0.0967105619668686
"0.7",0.7084,20,"0.8","N2",0.5985,0.7475,0.710597841410007,-0.112097841410007,0.0369021585899926
"0.7",0.7047,50,"0","N2",0.9348,0.9702,0.968142406591491,-0.033342406591491,0.00205759340850897
"0.7",0.7059,50,"0.2","N2",0.9351,0.9996,0.968566114065631,-0.0334661140656309,0.0310338859343691
"0.7",0.7082,50,"0.4","N2",0.9416,0.9983,0.969365198493203,-0.027765198493203,0.0289348015067969
"0.7",0.7084,50,"0.6","N2",0.9426,0.9927,0.969433881858447,-0.0268338818584466,0.0232661181415534
"0.7",0.7024,50,"0.8","N2",0.9509,0.9829,0.967317113154037,-0.0164171131540366,0.0155828868459634
"0.7",0.7033,80,"0","N2",0.993,0.9897,0.997315810251969,-0.00431581025196903,-0.007615810251969
"0.7",0.7041,80,"0.2","N2",0.9953,1,0.997357209931726,-0.00205720993172631,0.00264279006827373
"0.7",0.7034,80,"0.4","N2",0.9944,1,0.997321017043056,-0.00292101704305558,0.00267898295694446
"0.7",0.7045,80,"0.6","N2",0.9938,0.9996,0.997377692720853,-0.00357769272085295,0.00222230727914707
"0.7",0.7015,80,"0.8","N2",0.9934,0.9986,0.997220512101824,-0.00382051210182432,0.00137948789817577
"0.7",0.7023,110,"0","N2",0.9997,0.9971,0.999805399631497,-0.000105399631496694,-0.00270539963149674
"0.7",0.7032,110,"0.2","N2",0.9992,1,0.999810257132789,-0.000610257132788616,0.000189742867211407
"0.7",0.702,110,"0.4","N2",0.9995,1,0.99980375480856,-0.000303754808560042,0.000196245191439903
"0.7",0.7031,110,"0.6","N2",0.9995,1,0.999809723061394,-0.000309723061394207,0.000190276938605738
"0.7",0.7026,110,"0.8","N2",0.9995,0.9999,0.999807031564582,-0.000307031564581894,9.29684354180615e-05
"0",-3e-04,20,"0","N3",0.0085,0.0498,0.0499039572880305,-0.0414039572880305,-0.000103957288030546
"0",0.0016,20,"0.2","N3",0.0134,0.0497,0.0505147192328818,-0.0371147192328818,-0.000814719232881754
"0",0.0029,20,"0.4","N3",0.0232,0.0498,0.0509360289020179,-0.0277360289020179,-0.00113602890201787
"0",0.0016,20,"0.6","N3",0.0287,0.046,0.0505147192328818,-0.0218147192328818,-0.00451471923288176
"0",-3e-04,20,"0.8","N3",0.0432,0.0514,0.0499039572880305,-0.00670395728803054,0.00149604271196946
"0",-7e-04,50,"0","N3",0.0063,0.0468,0.0496425321514612,-0.0433425321514612,-0.00284253215146119
"0",-8e-04,50,"0.2","N3",0.0133,0.0476,0.0495916321980616,-0.0362916321980616,-0.00199163219806162
"0",-0.0014,50,"0.4","N3",0.0188,0.0459,0.0492871064962146,-0.0304871064962146,-0.00338710649621459
"0",7e-04,50,"0.6","N3",0.0334,0.0506,0.0503595174317971,-0.0169595174317971,0.000240482568202881
"0",-6e-04,50,"0.8","N3",0.0392,0.0488,0.0496934737822866,-0.0104934737822866,-0.000893473782286609
"0",1e-04,80,"0","N3",0.0074,0.0506,0.0500649836723929,-0.0426649836723929,0.000535016327607128
"0",-4e-04,80,"0.2","N3",0.012,0.048,0.0497407376512485,-0.0377407376512485,-0.00174073765124853
"0",0.0017,80,"0.4","N3",0.0239,0.0534,0.0511139080603971,-0.0272139080603971,0.00228609193960294
"0",0.0011,80,"0.6","N3",0.0309,0.0498,0.0507185303471742,-0.0198185303471742,-0.000918530347174221
"0",8e-04,80,"0.8","N3",0.0414,0.0489,0.0505217568524646,-0.00912175685246463,-0.00162175685246463
"0",0,110,"0","N3",0.008,0.0468,0.05,-0.042,-0.00320000000000003
"0",2e-04,110,"0.2","N3",0.0143,0.0487,0.0501526864765079,-0.0358526864765079,-0.00145268647650795
"0",3e-04,110,"0.4","N3",0.0242,0.0513,0.0502291689816738,-0.0260291689816738,0.00107083101832615
"0",-7e-04,110,"0.6","N3",0.034,0.0552,0.0494685144673687,-0.0154685144673687,0.00573148553263134
"0",0.0012,110,"0.8","N3",0.0418,0.0505,0.050921702307074,-0.00912170230707405,-0.000421702307074043
"0.3",0.3052,20,"0","N3",0.1397,0.2996,0.24293980146196,-0.10323980146196,0.0566601985380401
"0.3",0.3062,20,"0.2","N3",0.1696,0.4045,0.243912734667963,-0.074312734667963,0.160587265332037
"0.3",0.3066,20,"0.4","N3",0.1865,0.3437,0.244302495602662,-0.0578024956026617,0.0993975043973383
"0.3",0.3052,20,"0.6","N3",0.2058,0.2966,0.24293980146196,-0.0371398014619599,0.05366019853804
"0.3",0.3065,20,"0.8","N3",0.2277,0.2652,0.244205023919295,-0.016505023919295,0.020994976080705
"0.3",0.3016,50,"0","N3",0.4041,0.5302,0.441458791149122,-0.0373587911491217,0.0887412088508783
"0.3",0.302,50,"0.2","N3",0.4189,0.7507,0.442242708269,-0.0233427082690003,0.308457291731
"0.3",0.3055,50,"0.4","N3",0.4353,0.6486,0.449111296609158,-0.0138112966091576,0.199488703390842
"0.3",0.3036,50,"0.6","N3",0.4315,0.5565,0.445380608199049,-0.0138806081990488,0.111119391800951
"0.3",0.3047,50,"0.8","N3",0.4344,0.4945,0.447539912724247,-0.0131399127242472,0.0469600872757528
"0.3",0.3014,80,"0","N3",0.6511,0.6647,0.599941761796267,0.0511582382037334,0.0647582382037334
"0.3",0.3017,80,"0.2","N3",0.6331,0.9086,0.600671495600859,0.032428504399141,0.307928504399141
"0.3",0.3006,80,"0.4","N3",0.6143,0.8123,0.597994104583243,0.0163058954167571,0.214305895416757
"0.3",0.3009,80,"0.6","N3",0.609,0.7287,0.598724764070935,0.0102752359290652,0.129975235929065
"0.3",0.3029,80,"0.8","N3",0.6102,0.662,0.603586890498862,0.0066131095011378,0.0584131095011379
"0.3",0.3014,110,"0","N3",0.8048,0.7316,0.720202748530836,0.0845972514691637,0.0113972514691638
"0.3",0.3014,110,"0.2","N3",0.7829,0.9666,0.720202748530836,0.0626972514691638,0.246397251469164
"0.3",0.2986,110,"0.4","N3",0.7463,0.9001,0.713195136685695,0.033104863314305,0.186904863314305
"0.3",0.299,110,"0.6","N3",0.7411,0.8389,0.714201299191121,0.0268987008088791,0.124698700808879
"0.3",0.3032,110,"0.8","N3",0.7265,0.7795,0.724663341644326,0.00183665835567437,0.0548366583556743
"0.5",0.5081,20,"0","N3",0.4408,0.6239,0.473376747234458,-0.0325767472344575,0.150523252765542
"0.5",0.513,20,"0.2","N3",0.454,0.7662,0.479436114319168,-0.0254361143191679,0.286763885680832
"0.5",0.5122,20,"0.4","N3",0.4577,0.6665,0.478446469621318,-0.0207464696213175,0.188053530378682
"0.5",0.5132,20,"0.6","N3",0.4559,0.585,0.479683545440535,-0.0237835454405347,0.105316454559465
"0.5",0.5081,20,"0.8","N3",0.463,0.5149,0.473376747234458,-0.0103767472344575,0.0415232527655425
"0.5",0.5036,50,"0","N3",0.8953,0.867,0.803918624686663,0.091381375313337,0.063081375313337
"0.5",0.5048,50,"0.2","N3",0.8647,0.9879,0.805562659035789,0.0591373409642107,0.182337340964211
"0.5",0.5053,50,"0.4","N3",0.8478,0.9546,0.806245189423943,0.0415548105760568,0.148354810576057
"0.5",0.5042,50,"0.6","N3",0.8261,0.9035,0.804741693296707,0.0213583067032929,0.0987583067032929
"0.5",0.5071,50,"0.8","N3",0.8138,0.8561,0.808690180019692,0.00510981998030802,0.047409819980308
"0.5",0.5024,80,"0","N3",0.9858,0.9408,0.935612826528593,0.050187173471407,0.00518717347140696
"0.5",0.504,80,"0.2","N3",0.9769,0.9997,0.936871310370318,0.0400286896296819,0.0628286896296819
"0.5",0.5023,80,"0.4","N3",0.9654,0.9946,0.935533528614439,0.029866471385561,0.059066471385561
"0.5",0.5023,80,"0.6","N3",0.9566,0.983,0.935533528614439,0.0210664713855609,0.0474664713855609
"0.5",0.5014,80,"0.8","N3",0.9442,0.9607,0.934816428960468,0.00938357103953169,0.0258835710395316
"0.5",0.5016,110,"0","N3",0.9989,0.9687,0.980468965780079,0.0184310342199207,-0.0117689657800794
"0.5",0.502,110,"0.2","N3",0.9966,0.9999,0.980608865572167,0.0159911344278328,0.0192911344278328
"0.5",0.5018,110,"0.4","N3",0.994,0.9997,0.980539022466417,0.013460977533583,0.019160977533583
"0.5",0.501,110,"0.6","N3",0.9905,0.9972,0.980257509239574,0.0102424907604262,0.0169424907604261
"0.5",0.5008,110,"0.8","N3",0.9865,0.991,0.98018659322998,0.00631340677002046,0.0108134067700204
"0.7",0.7139,20,"0","N3",0.7862,0.8702,0.716409374787307,0.0697906252126932,0.153790625212693
"0.7",0.7157,20,"0.2","N3",0.7706,0.9533,0.718299108148879,0.0523008918511206,0.235000891851121
"0.7",0.7114,20,"0.4","N3",0.74,0.8939,0.713774708297452,0.0262252917025479,0.180125291702548
"0.7",0.7155,20,"0.6","N3",0.728,0.8284,0.718089438033131,0.00991056196686857,0.110310561966869
"0.7",0.7084,20,"0.8","N3",0.7053,0.7515,0.710597841410007,-0.00529784141000744,0.0409021585899925
"0.7",0.7047,50,"0","N3",0.9958,0.9834,0.968142406591491,0.027657593408509,0.0152575934085091
"0.7",0.7059,50,"0.2","N3",0.9921,0.9999,0.968566114065631,0.023533885934369,0.031333885934369
"0.7",0.7082,50,"0.4","N3",0.9878,0.9991,0.969365198493203,0.018434801506797,0.029734801506797
"0.7",0.7084,50,"0.6","N3",0.9813,0.9941,0.969433881858447,0.0118661181415534,0.0246661181415534
"0.7",0.7024,50,"0.8","N3",0.9761,0.9849,0.967317113154037,0.0087828868459634,0.0175828868459634
"0.7",0.7033,80,"0","N3",0.9999,0.9969,0.997315810251969,0.00258418974803099,-0.000415810251969018
"0.7",0.7041,80,"0.2","N3",1,1,0.997357209931726,0.00264279006827373,0.00264279006827373
"0.7",0.7034,80,"0.4","N3",0.9998,1,0.997321017043056,0.00247898295694449,0.00267898295694446
"0.7",0.7045,80,"0.6","N3",0.9992,0.9996,0.997377692720853,0.00182230727914701,0.00222230727914707
"0.7",0.7015,80,"0.8","N3",0.9972,0.9989,0.997220512101824,-2.05121018242993e-05,0.00167948789817574
"0.7",0.7023,110,"0","N3",1,0.9992,0.999805399631497,0.000194600368503273,-0.00060539963149675
"0.7",0.7032,110,"0.2","N3",1,1,0.999810257132789,0.000189742867211407,0.000189742867211407
"0.7",0.702,110,"0.4","N3",1,1,0.99980375480856,0.000196245191439903,0.000196245191439903
"0.7",0.7031,110,"0.6","N3",0.9999,1,0.999809723061394,9.02769386057489e-05,0.000190276938605738
"0.7",0.7026,110,"0.8","N3",0.9997,1,0.999807031564582,-0.000107031564581916,0.000192968435418051
"0",-3e-04,20,"0","N4",0.0136,0.0489,0.0499039572880305,-0.0363039572880305,-0.00100395728803054
"0",0.0016,20,"0.2","N4",0.0232,0.0492,0.0505147192328818,-0.0273147192328818,-0.00131471923288175
"0",0.0029,20,"0.4","N4",0.0383,0.0496,0.0509360289020179,-0.0126360289020179,-0.00133602890201787
"0",0.0016,20,"0.6","N4",0.0425,0.0458,0.0505147192328818,-0.00801471923288175,-0.00471471923288175
"0",-3e-04,20,"0.8","N4",0.0298,0.0513,0.0499039572880305,-0.0201039572880305,0.00139604271196946
"0",-7e-04,50,"0","N4",0.0143,0.0495,0.0496425321514612,-0.0353425321514612,-0.000142532151461192
"0",-8e-04,50,"0.2","N4",0.0251,0.0485,0.0495916321980616,-0.0244916321980616,-0.00109163219806162
"0",-0.0014,50,"0.4","N4",0.0318,0.0465,0.0492871064962146,-0.0174871064962146,-0.00278710649621459
"0",7e-04,50,"0.6","N4",0.0482,0.0524,0.0503595174317971,-0.00215951743179712,0.00204048256820288
"0",-6e-04,50,"0.8","N4",0.026,0.0487,0.0496934737822866,-0.0236934737822866,-0.000993473782286612
"0",1e-04,80,"0","N4",0.014,0.0508,0.0500649836723929,-0.0360649836723929,0.000735016327607127
"0",-4e-04,80,"0.2","N4",0.0219,0.0481,0.0497407376512485,-0.0278407376512485,-0.00164073765124854
"0",0.0017,80,"0.4","N4",0.0378,0.0522,0.0511139080603971,-0.0133139080603971,0.00108609193960294
"0",0.0011,80,"0.6","N4",0.046,0.0485,0.0507185303471742,-0.00471853034717422,-0.00221853034717422
"0",8e-04,80,"0.8","N4",0.0294,0.048,0.0505217568524646,-0.0211217568524646,-0.00252175685246463
"0",0,110,"0","N4",0.0149,0.0479,0.05,-0.0351,-0.00210000000000003
"0",2e-04,110,"0.2","N4",0.0239,0.0471,0.0501526864765079,-0.0262526864765079,-0.00305268647650794
"0",3e-04,110,"0.4","N4",0.0381,0.0509,0.0502291689816738,-0.0121291689816738,0.000670831018326157
"0",-7e-04,110,"0.6","N4",0.0481,0.0547,0.0494685144673687,-0.00136851446736867,0.00523148553263134
"0",0.0012,110,"0.8","N4",0.0289,0.0506,0.050921702307074,-0.022021702307074,-0.000321702307074047
"0.3",0.3052,20,"0","N4",0.2344,0.3223,0.24293980146196,-0.00853980146195993,0.07936019853804
"0.3",0.3062,20,"0.2","N4",0.2637,0.4419,0.243912734667963,0.019787265332037,0.197987265332037
"0.3",0.3066,20,"0.4","N4",0.2691,0.3633,0.244302495602662,0.0247975043973383,0.118997504397338
"0.3",0.3052,20,"0.6","N4",0.2714,0.2996,0.24293980146196,0.02846019853804,0.0566601985380401
"0.3",0.3065,20,"0.8","N4",0.1806,0.2669,0.244205023919295,-0.063605023919295,0.022694976080705
"0.3",0.3016,50,"0","N4",0.5821,0.5514,0.441458791149122,0.140641208850878,0.109941208850878
"0.3",0.302,50,"0.2","N4",0.5676,0.7896,0.442242708269,0.125357291731,0.347357291731
"0.3",0.3055,50,"0.4","N4",0.5474,0.6689,0.449111296609158,0.0982887033908424,0.219788703390842
"0.3",0.3036,50,"0.6","N4",0.5188,0.5666,0.445380608199049,0.0734193918009513,0.121219391800951
"0.3",0.3047,50,"0.8","N4",0.3815,0.4981,0.447539912724247,-0.0660399127242472,0.0505600872757528
"0.3",0.3014,80,"0","N4",0.8259,0.6876,0.599941761796267,0.225958238203733,0.0876582382037334
"0.3",0.3017,80,"0.2","N4",0.7735,0.934,0.600671495600859,0.172828504399141,0.333328504399141
"0.3",0.3006,80,"0.4","N4",0.7277,0.8319,0.597994104583243,0.129705895416757,0.233905895416757
"0.3",0.3009,80,"0.6","N4",0.6951,0.7398,0.598724764070935,0.0963752359290653,0.141075235929065
"0.3",0.3029,80,"0.8","N4",0.5543,0.6652,0.603586890498862,-0.0492868904988621,0.0616131095011379
"0.3",0.3014,110,"0","N4",0.9291,0.7586,0.720202748530836,0.208897251469164,0.0383972514691638
"0.3",0.3014,110,"0.2","N4",0.8866,0.977,0.720202748530836,0.166397251469164,0.256797251469164
"0.3",0.2986,110,"0.4","N4",0.8359,0.9159,0.713195136685695,0.122704863314305,0.202704863314305
"0.3",0.299,110,"0.6","N4",0.8068,0.8487,0.714201299191121,0.0925987008088791,0.134498700808879
"0.3",0.3032,110,"0.8","N4",0.6821,0.7825,0.724663341644326,-0.0425633416443256,0.0578366583556743
"0.5",0.5081,20,"0","N4",0.6313,0.6667,0.473376747234458,0.157923252765542,0.193323252765542
"0.5",0.513,20,"0.2","N4",0.5988,0.8098,0.479436114319168,0.119363885680832,0.330363885680832
"0.5",0.5122,20,"0.4","N4",0.5682,0.6911,0.478446469621318,0.0897535303786825,0.212653530378683
"0.5",0.5132,20,"0.6","N4",0.5459,0.5974,0.479683545440535,0.0662164545594653,0.117716454559465
"0.5",0.5081,20,"0.8","N4",0.4051,0.52,0.473376747234458,-0.0682767472344575,0.0466232527655425
"0.5",0.5036,50,"0","N4",0.9719,0.8928,0.803918624686663,0.167981375313337,0.0888813753133371
"0.5",0.5048,50,"0.2","N4",0.943,0.9931,0.805562659035789,0.137437340964211,0.187537340964211
"0.5",0.5053,50,"0.4","N4",0.9145,0.9647,0.806245189423943,0.108254810576057,0.158454810576057
"0.5",0.5042,50,"0.6","N4",0.8815,0.9088,0.804741693296707,0.0767583067032929,0.104058306703293
"0.5",0.5071,50,"0.8","N4",0.7754,0.8608,0.808690180019692,-0.033290180019692,0.0521098199803081
"0.5",0.5024,80,"0","N4",0.9985,0.9569,0.935612826528593,0.062887173471407,0.021287173471407
"0.5",0.504,80,"0.2","N4",0.9947,1,0.936871310370318,0.0578286896296819,0.0631286896296819
"0.5",0.5023,80,"0.4","N4",0.9869,0.9969,0.935533528614439,0.0513664713855609,0.061366471385561
"0.5",0.5023,80,"0.6","N4",0.9755,0.9852,0.935533528614439,0.039966471385561,0.0496664713855609
"0.5",0.5014,80,"0.8","N4",0.9302,0.963,0.934816428960468,-0.00461642896046832,0.0281835710395316
"0.5",0.5016,110,"0","N4",0.9999,0.9809,0.980468965780079,0.0194310342199207,0.000431034219920634
"0.5",0.502,110,"0.2","N4",0.9994,1,0.980608865572167,0.0187911344278328,0.0193911344278328
"0.5",0.5018,110,"0.4","N4",0.9988,0.9998,0.980539022466417,0.018260977533583,0.019260977533583
"0.5",0.501,110,"0.6","N4",0.9961,0.9975,0.980257509239574,0.0158424907604261,0.0172424907604262
"0.5",0.5008,110,"0.8","N4",0.98,0.9914,0.98018659322998,-0.000186593229979604,0.0112134067700204
"0.7",0.7139,20,"0","N4",0.9168,0.9015,0.716409374787307,0.200390625212693,0.185090625212693
"0.7",0.7157,20,"0.2","N4",0.8736,0.969,0.718299108148879,0.155300891851121,0.250700891851121
"0.7",0.7114,20,"0.4","N4",0.8344,0.9087,0.713774708297452,0.120625291702548,0.194925291702548
"0.7",0.7155,20,"0.6","N4",0.7974,0.8379,0.718089438033131,0.0793105619668686,0.119810561966869
"0.7",0.7084,20,"0.8","N4",0.6549,0.7588,0.710597841410007,-0.0556978414100074,0.0482021585899925
"0.7",0.7047,50,"0","N4",0.9998,0.9927,0.968142406591491,0.031657593408509,0.024557593408509
"0.7",0.7059,50,"0.2","N4",0.9987,1,0.968566114065631,0.0301338859343691,0.031433885934369
"0.7",0.7082,50,"0.4","N4",0.9963,0.9995,0.969365198493203,0.0269348015067969,0.030134801506797
"0.7",0.7084,50,"0.6","N4",0.9907,0.9945,0.969433881858447,0.0212661181415534,0.0250661181415535
"0.7",0.7024,50,"0.8","N4",0.9668,0.9855,0.967317113154037,-0.000517113154036575,0.0181828868459635
"0.7",0.7033,80,"0","N4",1,0.9991,0.997315810251969,0.00268418974803097,0.00178418974803096
"0.7",0.7041,80,"0.2","N4",1,1,0.997357209931726,0.00264279006827373,0.00264279006827373
"0.7",0.7034,80,"0.4","N4",1,1,0.997321017043056,0.00267898295694446,0.00267898295694446
"0.7",0.7045,80,"0.6","N4",0.9995,0.9999,0.997377692720853,0.00212230727914708,0.00252230727914704
"0.7",0.7015,80,"0.8","N4",0.9961,0.999,0.997220512101824,-0.00112051210182429,0.00177948789817572
"0.7",0.7023,110,"0","N4",1,0.9999,0.999805399631497,0.000194600368503273,9.46003685032837e-05
"0.7",0.7032,110,"0.2","N4",1,1,0.999810257132789,0.000189742867211407,0.000189742867211407
"0.7",0.702,110,"0.4","N4",1,1,0.99980375480856,0.000196245191439903,0.000196245191439903
"0.7",0.7031,110,"0.6","N4",1,1,0.999809723061394,0.000190276938605738,0.000190276938605738
"0.7",0.7026,110,"0.8","N4",0.9997,1,0.999807031564582,-0.000107031564581916,0.000192968435418051
"0",-3e-04,20,"0","N5",0.023,0.0513,0.0499039572880305,-0.0269039572880305,0.00139604271196946
"0",0.0016,20,"0.2","N5",0.0367,0.0489,0.0505147192328818,-0.0138147192328818,-0.00161471923288176
"0",0.0029,20,"0.4","N5",0.0142,0.048,0.0509360289020179,-0.0367360289020179,-0.00293602890201787
"0",0.0016,20,"0.6","N5",0.0241,0.0469,0.0505147192328818,-0.0264147192328818,-0.00361471923288176
"0",-3e-04,20,"0.8","N5",0.0385,0.05,0.0499039572880305,-0.0114039572880305,9.60427119694601e-05
"0",-7e-04,50,"0","N5",0.0233,0.051,0.0496425321514612,-0.0263425321514612,0.0013574678485388
"0",-8e-04,50,"0.2","N5",0.0377,0.0456,0.0495916321980616,-0.0118916321980616,-0.00399163219806162
"0",-0.0014,50,"0.4","N5",0.0122,0.0464,0.0492871064962146,-0.0370871064962146,-0.0028871064962146
"0",7e-04,50,"0.6","N5",0.0264,0.052,0.0503595174317971,-0.0239595174317971,0.00164048256820288
"0",-6e-04,50,"0.8","N5",0.0347,0.0481,0.0496934737822866,-0.0149934737822866,-0.00159347378228662
"0",1e-04,80,"0","N5",0.0219,0.0512,0.0500649836723929,-0.0281649836723929,0.00113501632760713
"0",-4e-04,80,"0.2","N5",0.0355,0.0476,0.0497407376512485,-0.0142407376512485,-0.00214073765124853
"0",0.0017,80,"0.4","N5",0.0157,0.0522,0.0511139080603971,-0.0354139080603971,0.00108609193960294
"0",0.0011,80,"0.6","N5",0.0247,0.0498,0.0507185303471742,-0.0260185303471742,-0.000918530347174221
"0",8e-04,80,"0.8","N5",0.0383,0.05,0.0505217568524646,-0.0122217568524646,-0.000521756852464625
"0",0,110,"0","N5",0.0232,0.0472,0.05,-0.0268,-0.00280000000000003
"0",2e-04,110,"0.2","N5",0.0374,0.0476,0.0501526864765079,-0.0127526864765079,-0.00255268647650794
"0",3e-04,110,"0.4","N5",0.0172,0.0507,0.0502291689816738,-0.0330291689816738,0.000470831018326158
"0",-7e-04,110,"0.6","N5",0.0281,0.0534,0.0494685144673687,-0.0213685144673687,0.00393148553263134
"0",0.0012,110,"0.8","N5",0.0392,0.0512,0.050921702307074,-0.011721702307074,0.000278297692925956
"0.3",0.3052,20,"0","N5",0.3355,0.3385,0.24293980146196,0.0925601985380401,0.0955601985380401
"0.3",0.3062,20,"0.2","N5",0.3415,0.4696,0.243912734667963,0.097587265332037,0.225687265332037
"0.3",0.3066,20,"0.4","N5",0.1682,0.3712,0.244302495602662,-0.0761024956026617,0.126897504397338
"0.3",0.3052,20,"0.6","N5",0.1978,0.304,0.24293980146196,-0.0451398014619599,0.0610601985380401
"0.3",0.3065,20,"0.8","N5",0.2223,0.2712,0.244205023919295,-0.021905023919295,0.026994976080705
"0.3",0.3016,50,"0","N5",0.7261,0.5679,0.441458791149122,0.284641208850878,0.126441208850878
"0.3",0.302,50,"0.2","N5",0.6728,0.8171,0.442242708269,0.230557291731,0.374857291731
"0.3",0.3055,50,"0.4","N5",0.4277,0.6846,0.449111296609158,-0.0214112966091576,0.235488703390842
"0.3",0.3036,50,"0.6","N5",0.4301,0.5722,0.445380608199049,-0.0152806081990488,0.126819391800951
"0.3",0.3047,50,"0.8","N5",0.4409,0.4999,0.447539912724247,-0.00663991272424719,0.0523600872757528
"0.3",0.3014,80,"0","N5",0.9155,0.7053,0.599941761796267,0.315558238203733,0.105358238203733
"0.3",0.3017,80,"0.2","N5",0.8528,0.9477,0.600671495600859,0.252128504399141,0.347028504399141
"0.3",0.3006,80,"0.4","N5",0.6223,0.8426,0.597994104583243,0.0243058954167571,0.244605895416757
"0.3",0.3009,80,"0.6","N5",0.6156,0.7466,0.598724764070935,0.0168752359290653,0.147875235929065
"0.3",0.3029,80,"0.8","N5",0.6069,0.6683,0.603586890498862,0.00331310950113783,0.0647131095011378
"0.3",0.3014,110,"0","N5",0.9757,0.7814,0.720202748530836,0.255497251469164,0.0611972514691638
"0.3",0.3014,110,"0.2","N5",0.9357,0.9846,0.720202748530836,0.215497251469164,0.264397251469164
"0.3",0.2986,110,"0.4","N5",0.765,0.9244,0.713195136685695,0.051804863314305,0.211204863314305
"0.3",0.299,110,"0.6","N5",0.7461,0.8571,0.714201299191121,0.0318987008088791,0.142898700808879
"0.3",0.3032,110,"0.8","N5",0.7318,0.7857,0.724663341644326,0.00713665835567434,0.0610366583556743
"0.5",0.5081,20,"0","N5",0.7672,0.7017,0.473376747234458,0.293823252765542,0.228323252765542
"0.5",0.513,20,"0.2","N5",0.7038,0.8377,0.479436114319168,0.224363885680832,0.358263885680832
"0.5",0.5122,20,"0.4","N5",0.4512,0.7073,0.478446469621318,-0.0272464696213175,0.228853530378683
"0.5",0.5132,20,"0.6","N5",0.4524,0.6055,0.479683545440535,-0.0272835454405347,0.125816454559465
"0.5",0.5081,20,"0.8","N5",0.4611,0.5199,0.473376747234458,-0.0122767472344575,0.0465232527655425
"0.5",0.5036,50,"0","N5",0.9925,0.9159,0.803918624686663,0.188581375313337,0.111981375313337
"0.5",0.5048,50,"0.2","N5",0.9722,0.9958,0.805562659035789,0.166637340964211,0.190237340964211
"0.5",0.5053,50,"0.4","N5",0.8691,0.9707,0.806245189423943,0.0628548105760568,0.164454810576057
"0.5",0.5042,50,"0.6","N5",0.8395,0.9158,0.804741693296707,0.0347583067032929,0.111058306703293
"0.5",0.5071,50,"0.8","N5",0.8201,0.8622,0.808690180019692,0.0114098199803081,0.053509819980308
"0.5",0.5024,80,"0","N5",0.9997,0.9726,0.935612826528593,0.064087173471407,0.036987173471407
"0.5",0.504,80,"0.2","N5",0.9984,1,0.936871310370318,0.0615286896296818,0.0631286896296819
"0.5",0.5023,80,"0.4","N5",0.9763,0.9971,0.935533528614439,0.0407664713855609,0.0615664713855609
"0.5",0.5023,80,"0.6","N5",0.962,0.986,0.935533528614439,0.0264664713855609,0.0504664713855609
"0.5",0.5014,80,"0.8","N5",0.948,0.9628,0.934816428960468,0.0131835710395316,0.0279835710395316
"0.5",0.5016,110,"0","N5",0.9999,0.9884,0.980468965780079,0.0194310342199207,0.00793103421992059
"0.5",0.502,110,"0.2","N5",1,1,0.980608865572167,0.0193911344278328,0.0193911344278328
"0.5",0.5018,110,"0.4","N5",0.9972,0.9999,0.980539022466417,0.016660977533583,0.019360977533583
"0.5",0.501,110,"0.6","N5",0.9928,0.9979,0.980257509239574,0.0125424907604261,0.0176424907604261
"0.5",0.5008,110,"0.8","N5",0.9875,0.9918,0.98018659322998,0.00731340677002046,0.0116134067700204
"0.7",0.7139,20,"0","N5",0.97,0.9286,0.716409374787307,0.253590625212693,0.212190625212693
"0.7",0.7157,20,"0.2","N5",0.928,0.9797,0.718299108148879,0.209700891851121,0.261400891851121
"0.7",0.7114,20,"0.4","N5",0.7568,0.917,0.713774708297452,0.043025291702548,0.203225291702548
"0.7",0.7155,20,"0.6","N5",0.735,0.8453,0.718089438033131,0.0169105619668686,0.127210561966869
"0.7",0.7084,20,"0.8","N5",0.7098,0.7595,0.710597841410007,-0.000797841410007494,0.0489021585899925
"0.7",0.7047,50,"0","N5",1,0.9954,0.968142406591491,0.031857593408509,0.027257593408509
"0.7",0.7059,50,"0.2","N5",0.9997,1,0.968566114065631,0.0311338859343691,0.031433885934369
"0.7",0.7082,50,"0.4","N5",0.9934,0.9995,0.969365198493203,0.0240348015067969,0.030134801506797
"0.7",0.7084,50,"0.6","N5",0.9857,0.9952,0.969433881858447,0.0162661181415534,0.0257661181415534
"0.7",0.7024,50,"0.8","N5",0.9776,0.9853,0.967317113154037,0.0102828868459635,0.0179828868459634
"0.7",0.7033,80,"0","N5",1,0.9997,0.997315810251969,0.00268418974803097,0.00238418974803101
"0.7",0.7041,80,"0.2","N5",1,1,0.997357209931726,0.00264279006827373,0.00264279006827373
"0.7",0.7034,80,"0.4","N5",1,1,0.997321017043056,0.00267898295694446,0.00267898295694446
"0.7",0.7045,80,"0.6","N5",0.9993,0.9998,0.997377692720853,0.001922307279147,0.00242230727914705
"0.7",0.7015,80,"0.8","N5",0.9978,0.9988,0.997220512101824,0.000579487898175746,0.00157948789817575
"0.7",0.7023,110,"0","N5",1,1,0.999805399631497,0.000194600368503273,0.000194600368503273
"0.7",0.7032,110,"0.2","N5",1,1,0.999810257132789,0.000189742867211407,0.000189742867211407
"0.7",0.702,110,"0.4","N5",1,1,0.99980375480856,0.000196245191439903,0.000196245191439903
"0.7",0.7031,110,"0.6","N5",0.9999,1,0.999809723061394,9.02769386057489e-05,0.000190276938605738
"0.7",0.7026,110,"0.8","N5",0.9999,1,0.999807031564582,9.29684354180615e-05,0.000192968435418051
"0",-3e-04,20,"0","N6",0.0336,0.05,0.0499039572880305,-0.0163039572880305,9.60427119694601e-05
"0",0.0016,20,"0.2","N6",0.0098,0.0486,0.0505147192328818,-0.0407147192328818,-0.00191471923288176
"0",0.0029,20,"0.4","N6",0.0214,0.0488,0.0509360289020179,-0.0295360289020179,-0.00213602890201787
"0",0.0016,20,"0.6","N6",0.0325,0.0465,0.0505147192328818,-0.0180147192328818,-0.00401471923288176
"0",-3e-04,20,"0.8","N6",0.047,0.0499,0.0499039572880305,-0.00290395728803054,-3.95728803054274e-06
"0",-7e-04,50,"0","N6",0.0333,0.0505,0.0496425321514612,-0.0163425321514612,0.000857467848538809
"0",-8e-04,50,"0.2","N6",0.0085,0.0438,0.0495916321980616,-0.0410916321980616,-0.00579163219806162
"0",-0.0014,50,"0.4","N6",0.0186,0.0472,0.0492871064962146,-0.0306871064962146,-0.0020871064962146
"0",7e-04,50,"0.6","N6",0.0352,0.0516,0.0503595174317971,-0.0151595174317971,0.00124048256820288
"0",-6e-04,50,"0.8","N6",0.0451,0.0496,0.0496934737822866,-0.00459347378228661,-9.34737822866141e-05
"0",1e-04,80,"0","N6",0.0333,0.052,0.0500649836723929,-0.0167649836723929,0.00193501632760713
"0",-4e-04,80,"0.2","N6",0.0096,0.0483,0.0497407376512485,-0.0401407376512485,-0.00144073765124853
"0",0.0017,80,"0.4","N6",0.024,0.0518,0.0511139080603971,-0.0271139080603971,0.000686091939602937
"0",0.0011,80,"0.6","N6",0.0343,0.0504,0.0507185303471742,-0.0164185303471742,-0.000318530347174217
"0",8e-04,80,"0.8","N6",0.0463,0.0499,0.0505217568524646,-0.00422175685246463,-0.000621756852464628
"0",0,110,"0","N6",0.0332,0.0482,0.05,-0.0168,-0.00180000000000003
"0",2e-04,110,"0.2","N6",0.011,0.0477,0.0501526864765079,-0.039152686476508,-0.00245268647650795
"0",3e-04,110,"0.4","N6",0.0241,0.0529,0.0502291689816738,-0.0261291689816738,0.00267083101832616
"0",-7e-04,110,"0.6","N6",0.039,0.054,0.0494685144673687,-0.0104685144673687,0.00453148553263134
"0",0.0012,110,"0.8","N6",0.047,0.0513,0.050921702307074,-0.00392170230707405,0.000378297692925952
"0.3",0.3052,20,"0","N6",0.4363,0.3599,0.24293980146196,0.19336019853804,0.11696019853804
"0.3",0.3062,20,"0.2","N6",0.1978,0.4911,0.243912734667963,-0.046112734667963,0.247187265332037
"0.3",0.3066,20,"0.4","N6",0.2253,0.3784,0.244302495602662,-0.0190024956026617,0.134097504397338
"0.3",0.3052,20,"0.6","N6",0.2413,0.3064,0.24293980146196,-0.00163980146195994,0.0634601985380401
"0.3",0.3065,20,"0.8","N6",0.2541,0.2699,0.244205023919295,0.009894976080705,0.025694976080705
"0.3",0.3016,50,"0","N6",0.8219,0.5869,0.441458791149122,0.380441208850878,0.145441208850878
"0.3",0.302,50,"0.2","N6",0.5192,0.8402,0.442242708269,0.0769572917309997,0.397957291731
"0.3",0.3055,50,"0.4","N6",0.5101,0.6949,0.449111296609158,0.0609887033908424,0.245788703390842
"0.3",0.3036,50,"0.6","N6",0.4924,0.5788,0.445380608199049,0.0470193918009512,0.133419391800951
"0.3",0.3047,50,"0.8","N6",0.4797,0.5017,0.447539912724247,0.0321600872757528,0.0541600872757528
"0.3",0.3014,80,"0","N6",0.9605,0.7235,0.599941761796267,0.360558238203733,0.123558238203733
"0.3",0.3017,80,"0.2","N6",0.7532,0.9568,0.600671495600859,0.152528504399141,0.356128504399141
"0.3",0.3006,80,"0.4","N6",0.7003,0.8533,0.597994104583243,0.102305895416757,0.255305895416757
"0.3",0.3009,80,"0.6","N6",0.6733,0.7504,0.598724764070935,0.0745752359290652,0.151675235929065
"0.3",0.3029,80,"0.8","N6",0.6458,0.6704,0.603586890498862,0.0422131095011379,0.0668131095011378
"0.3",0.3014,110,"0","N6",0.9925,0.8026,0.720202748530836,0.272297251469164,0.0823972514691638
"0.3",0.3014,110,"0.2","N6",0.885,0.9887,0.720202748530836,0.164797251469164,0.268497251469164
"0.3",0.2986,110,"0.4","N6",0.8278,0.931,0.713195136685695,0.114604863314305,0.217804863314305
"0.3",0.299,110,"0.6","N6",0.7944,0.8622,0.714201299191121,0.0801987008088791,0.147998700808879
"0.3",0.3032,110,"0.8","N6",0.7645,0.7875,0.724663341644326,0.0398366583556743,0.0628366583556743
"0.5",0.5081,20,"0","N6",0.855,0.7309,0.473376747234458,0.381623252765542,0.257523252765542
"0.5",0.513,20,"0.2","N6",0.5593,0.8595,0.479436114319168,0.0798638856808321,0.380063885680832
"0.5",0.5122,20,"0.4","N6",0.5376,0.7185,0.478446469621318,0.0591535303786824,0.240053530378682
"0.5",0.5132,20,"0.6","N6",0.5162,0.6095,0.479683545440535,0.0365164545594653,0.129816454559465
"0.5",0.5081,20,"0.8","N6",0.4982,0.5231,0.473376747234458,0.0248232527655424,0.0497232527655425
"0.5",0.5036,50,"0","N6",0.9981,0.9376,0.803918624686663,0.194181375313337,0.133681375313337
"0.5",0.5048,50,"0.2","N6",0.9485,0.9968,0.805562659035789,0.142937340964211,0.191237340964211
"0.5",0.5053,50,"0.4","N6",0.9138,0.974,0.806245189423943,0.107554810576057,0.167754810576057
"0.5",0.5042,50,"0.6","N6",0.8742,0.9201,0.804741693296707,0.0694583067032929,0.115358306703293
"0.5",0.5071,50,"0.8","N6",0.8447,0.8648,0.808690180019692,0.0360098199803081,0.0561098199803081
"0.5",0.5024,80,"0","N6",1,0.9816,0.935612826528593,0.064387173471407,0.045987173471407
"0.5",0.504,80,"0.2","N6",0.9966,1,0.936871310370318,0.0597286896296819,0.0631286896296819
"0.5",0.5023,80,"0.4","N6",0.9862,0.9973,0.935533528614439,0.0506664713855609,0.0617664713855609
"0.5",0.5023,80,"0.6","N6",0.9745,0.987,0.935533528614439,0.038966471385561,0.0514664713855609
"0.5",0.5014,80,"0.8","N6",0.9575,0.963,0.934816428960468,0.0226835710395317,0.0281835710395316
"0.5",0.5016,110,"0","N6",1,0.9934,0.980468965780079,0.0195310342199206,0.0129310342199206
"0.5",0.502,110,"0.2","N6",0.9996,1,0.980608865572167,0.0189911344278328,0.0193911344278328
"0.5",0.5018,110,"0.4","N6",0.9991,0.9999,0.980539022466417,0.018560977533583,0.019360977533583
"0.5",0.501,110,"0.6","N6",0.9959,0.9981,0.980257509239574,0.0156424907604261,0.0178424907604261
"0.5",0.5008,110,"0.8","N6",0.9908,0.992,0.98018659322998,0.0106134067700204,0.0118134067700204
"0.7",0.7139,20,"0","N6",0.9904,0.9433,0.716409374787307,0.273990625212693,0.226890625212693
"0.7",0.7157,20,"0.2","N6",0.8683,0.9837,0.718299108148879,0.150000891851121,0.265400891851121
"0.7",0.7114,20,"0.4","N6",0.8258,0.9246,0.713774708297452,0.112025291702548,0.210825291702548
"0.7",0.7155,20,"0.6","N6",0.7876,0.8523,0.718089438033131,0.0695105619668686,0.134210561966869
"0.7",0.7084,20,"0.8","N6",0.7423,0.7628,0.710597841410007,0.0317021585899925,0.0522021585899926
"0.7",0.7047,50,"0","N6",1,0.9977,0.968142406591491,0.031857593408509,0.0295575934085091
"0.7",0.7059,50,"0.2","N6",0.9995,1,0.968566114065631,0.0309338859343691,0.031433885934369
"0.7",0.7082,50,"0.4","N6",0.9967,0.9998,0.969365198493203,0.027334801506797,0.030434801506797
"0.7",0.7084,50,"0.6","N6",0.9909,0.9955,0.969433881858447,0.0214661181415534,0.0260661181415535
"0.7",0.7024,50,"0.8","N6",0.9836,0.9865,0.967317113154037,0.0162828868459635,0.0191828868459635
"0.7",0.7033,80,"0","N6",1,1,0.997315810251969,0.00268418974803097,0.00268418974803097
"0.7",0.7041,80,"0.2","N6",1,1,0.997357209931726,0.00264279006827373,0.00264279006827373
"0.7",0.7034,80,"0.4","N6",1,1,0.997321017043056,0.00267898295694446,0.00267898295694446
"0.7",0.7045,80,"0.6","N6",0.9995,0.9998,0.997377692720853,0.00212230727914708,0.00242230727914705
"0.7",0.7015,80,"0.8","N6",0.9984,0.9989,0.997220512101824,0.00117948789817568,0.00167948789817574
"0.7",0.7023,110,"0","N6",1,1,0.999805399631497,0.000194600368503273,0.000194600368503273
"0.7",0.7032,110,"0.2","N6",1,1,0.999810257132789,0.000189742867211407,0.000189742867211407
"0.7",0.702,110,"0.4","N6",1,1,0.99980375480856,0.000196245191439903,0.000196245191439903
"0.7",0.7031,110,"0.6","N6",0.9999,1,0.999809723061394,9.02769386057489e-05,0.000190276938605738
"0.7",0.7026,110,"0.8","N6",1,1,0.999807031564582,0.000192968435418051,0.000192968435418051
"0",-3e-04,20,"0","N7",0.0449,0.0506,0.0499039572880305,-0.00500395728803054,0.000696042711969456
"0",0.0016,20,"0.2","N7",0.0148,0.0506,0.0505147192328818,-0.0357147192328818,8.5280767118244e-05
"0",0.0029,20,"0.4","N7",0.0304,0.0496,0.0509360289020179,-0.0205360289020179,-0.00133602890201787
"0",0.0016,20,"0.6","N7",0.0408,0.0472,0.0505147192328818,-0.00971471923288175,-0.00331471923288176
"0",-3e-04,20,"0.8","N7",0.0381,0.049,0.0499039572880305,-0.0118039572880305,-0.000903957288030541
"0",-7e-04,50,"0","N7",0.0445,0.0524,0.0496425321514612,-0.0051425321514612,0.00275746784853881
"0",-8e-04,50,"0.2","N7",0.0141,0.0447,0.0495916321980616,-0.0354916321980616,-0.00489163219806162
"0",-0.0014,50,"0.4","N7",0.0273,0.0483,0.0492871064962146,-0.0219871064962146,-0.000987106496214592
"0",7e-04,50,"0.6","N7",0.0455,0.0512,0.0503595174317971,-0.00485951743179712,0.000840482568202884
"0",-6e-04,50,"0.8","N7",0.0345,0.0508,0.0496934737822866,-0.0151934737822866,0.00110652621771339
"0",1e-04,80,"0","N7",0.0446,0.0516,0.0500649836723929,-0.00546498367239287,0.00153501632760713
"0",-4e-04,80,"0.2","N7",0.0147,0.048,0.0497407376512485,-0.0350407376512485,-0.00174073765124853
"0",0.0017,80,"0.4","N7",0.0309,0.0527,0.0511139080603971,-0.0202139080603971,0.00158609193960293
"0",0.0011,80,"0.6","N7",0.0429,0.0498,0.0507185303471742,-0.00781853034717422,-0.000918530347174221
"0",8e-04,80,"0.8","N7",0.0357,0.0487,0.0505217568524646,-0.0148217568524646,-0.00182175685246463
"0",0,110,"0","N7",0.0443,0.0475,0.05,-0.00570000000000003,-0.00250000000000003
"0",2e-04,110,"0.2","N7",0.0157,0.0489,0.0501526864765079,-0.0344526864765079,-0.00125268647650795
"0",3e-04,110,"0.4","N7",0.0316,0.0526,0.0502291689816738,-0.0186291689816738,0.00237083101832616
"0",-7e-04,110,"0.6","N7",0.0483,0.0531,0.0494685144673687,-0.00116851446736866,0.00363148553263134
"0",0.0012,110,"0.8","N7",0.0379,0.0517,0.050921702307074,-0.013021702307074,0.000778297692925957
"0.3",0.3052,20,"0","N7",0.5251,0.3699,0.24293980146196,0.28216019853804,0.12696019853804
"0.3",0.3062,20,"0.2","N7",0.2539,0.51,0.243912734667963,0.00998726533203698,0.266087265332037
"0.3",0.3066,20,"0.4","N7",0.2742,0.3857,0.244302495602662,0.0298975043973383,0.141397504397338
"0.3",0.3052,20,"0.6","N7",0.279,0.3096,0.24293980146196,0.0360601985380401,0.0666601985380401
"0.3",0.3065,20,"0.8","N7",0.2208,0.2695,0.244205023919295,-0.023405023919295,0.025294976080705
"0.3",0.3016,50,"0","N7",0.8861,0.6077,0.441458791149122,0.444641208850878,0.166241208850878
"0.3",0.302,50,"0.2","N7",0.6091,0.8533,0.442242708269,0.166857291731,0.411057291731
"0.3",0.3055,50,"0.4","N7",0.5716,0.7069,0.449111296609158,0.122488703390842,0.257788703390842
"0.3",0.3036,50,"0.6","N7",0.5367,0.5805,0.445380608199049,0.0913193918009512,0.135119391800951
"0.3",0.3047,50,"0.8","N7",0.439,0.5046,0.447539912724247,-0.0085399127242472,0.0570600872757528
"0.3",0.3014,80,"0","N7",0.9799,0.7442,0.599941761796267,0.379958238203733,0.144258238203733
"0.3",0.3017,80,"0.2","N7",0.8259,0.9634,0.600671495600859,0.225228504399141,0.362728504399141
"0.3",0.3006,80,"0.4","N7",0.7572,0.8595,0.597994104583243,0.159205895416757,0.261505895416757
"0.3",0.3009,80,"0.6","N7",0.7115,0.7556,0.598724764070935,0.112775235929065,0.156875235929065
"0.3",0.3029,80,"0.8","N7",0.6113,0.6729,0.603586890498862,0.00771310950113779,0.0693131095011379
"0.3",0.3014,110,"0","N7",0.9983,0.8217,0.720202748530836,0.278097251469164,0.101497251469164
"0.3",0.3014,110,"0.2","N7",0.9283,0.9909,0.720202748530836,0.208097251469164,0.270697251469164
"0.3",0.2986,110,"0.4","N7",0.8706,0.9348,0.713195136685695,0.157404863314305,0.221604863314305
"0.3",0.299,110,"0.6","N7",0.8278,0.865,0.714201299191121,0.113598700808879,0.150798700808879
"0.3",0.3032,110,"0.8","N7",0.7357,0.7899,0.724663341644326,0.0110366583556744,0.0652366583556744
"0.5",0.5081,20,"0","N7",0.909,0.7594,0.473376747234458,0.435623252765542,0.286023252765542
"0.5",0.513,20,"0.2","N7",0.6469,0.8752,0.479436114319168,0.167463885680832,0.395763885680832
"0.5",0.5122,20,"0.4","N7",0.5979,0.7254,0.478446469621318,0.119453530378682,0.246953530378683
"0.5",0.5132,20,"0.6","N7",0.5633,0.6171,0.479683545440535,0.0836164545594653,0.137416454559465
"0.5",0.5081,20,"0.8","N7",0.4626,0.5252,0.473376747234458,-0.0107767472344575,0.0518232527655424
"0.5",0.5036,50,"0","N7",0.9997,0.9525,0.803918624686663,0.195781375313337,0.148581375313337
"0.5",0.5048,50,"0.2","N7",0.9726,0.9978,0.805562659035789,0.167037340964211,0.192237340964211
"0.5",0.5053,50,"0.4","N7",0.9378,0.9755,0.806245189423943,0.131554810576057,0.169254810576057
"0.5",0.5042,50,"0.6","N7",0.8972,0.9214,0.804741693296707,0.0924583067032929,0.116658306703293
"0.5",0.5071,50,"0.8","N7",0.8226,0.8645,0.808690180019692,0.013909819980308,0.0558098199803081
"0.5",0.5024,80,"0","N7",1,0.9872,0.935612826528593,0.064387173471407,0.051587173471407
"0.5",0.504,80,"0.2","N7",0.9988,1,0.936871310370318,0.0619286896296819,0.0631286896296819
"0.5",0.5023,80,"0.4","N7",0.9918,0.9975,0.935533528614439,0.056266471385561,0.061966471385561
"0.5",0.5023,80,"0.6","N7",0.9805,0.988,0.935533528614439,0.044966471385561,0.0524664713855609
"0.5",0.5014,80,"0.8","N7",0.9481,0.9646,0.934816428960468,0.0132835710395317,0.0297835710395317
"0.5",0.5016,110,"0","N7",1,0.9949,0.980468965780079,0.0195310342199206,0.0144310342199206
"0.5",0.502,110,"0.2","N7",0.9999,1,0.980608865572167,0.0192911344278328,0.0193911344278328
"0.5",0.5018,110,"0.4","N7",0.9997,0.9999,0.980539022466417,0.019160977533583,0.019360977533583
"0.5",0.501,110,"0.6","N7",0.997,0.9985,0.980257509239574,0.0167424907604261,0.0182424907604262
"0.5",0.5008,110,"0.8","N7",0.9883,0.9924,0.98018659322998,0.00811340677002037,0.0122134067700204
"0.7",0.7139,20,"0","N7",0.997,0.9623,0.716409374787307,0.280590625212693,0.245890625212693
"0.7",0.7157,20,"0.2","N7",0.919,0.987,0.718299108148879,0.200700891851121,0.268700891851121
"0.7",0.7114,20,"0.4","N7",0.8661,0.9296,0.713774708297452,0.152325291702548,0.215825291702548
"0.7",0.7155,20,"0.6","N7",0.8226,0.8538,0.718089438033131,0.104510561966869,0.135710561966869
"0.7",0.7084,20,"0.8","N7",0.71,0.7639,0.710597841410007,-0.000597841410007516,0.0533021585899925
"0.7",0.7047,50,"0","N7",1,0.9996,0.968142406591491,0.031857593408509,0.0314575934085091
"0.7",0.7059,50,"0.2","N7",0.9998,1,0.968566114065631,0.031233885934369,0.031433885934369
"0.7",0.7082,50,"0.4","N7",0.9985,0.9998,0.969365198493203,0.029134801506797,0.030434801506797
"0.7",0.7084,50,"0.6","N7",0.9933,0.996,0.969433881858447,0.0238661181415534,0.0265661181415534
"0.7",0.7024,50,"0.8","N7",0.9793,0.9866,0.967317113154037,0.0119828868459634,0.0192828868459635
"0.7",0.7033,80,"0","N7",1,1,0.997315810251969,0.00268418974803097,0.00268418974803097
"0.7",0.7041,80,"0.2","N7",1,1,0.997357209931726,0.00264279006827373,0.00264279006827373
"0.7",0.7034,80,"0.4","N7",1,1,0.997321017043056,0.00267898295694446,0.00267898295694446
"0.7",0.7045,80,"0.6","N7",0.9997,0.9998,0.997377692720853,0.00232230727914706,0.00242230727914705
"0.7",0.7015,80,"0.8","N7",0.998,0.999,0.997220512101824,0.000779487898175724,0.00177948789817572
"0.7",0.7023,110,"0","N7",1,1,0.999805399631497,0.000194600368503273,0.000194600368503273
"0.7",0.7032,110,"0.2","N7",1,1,0.999810257132789,0.000189742867211407,0.000189742867211407
"0.7",0.702,110,"0.4","N7",1,1,0.99980375480856,0.000196245191439903,0.000196245191439903
"0.7",0.7031,110,"0.6","N7",1,1,0.999809723061394,0.000190276938605738,0.000190276938605738
"0.7",0.7026,110,"0.8","N7",1,1,0.999807031564582,0.000192968435418051,0.000192968435418051
"0",-3e-04,20,"0","N8",0.0054,0.0506,0.0499039572880305,-0.0445039572880305,0.000696042711969456
"0",0.0016,20,"0.2","N8",0.0208,0.0493,0.0505147192328818,-0.0297147192328818,-0.00121471923288176
"0",0.0029,20,"0.4","N8",0.0394,0.0492,0.0509360289020179,-0.0115360289020179,-0.00173602890201787
"0",0.0016,20,"0.6","N8",0.027,0.0452,0.0505147192328818,-0.0235147192328818,-0.00531471923288176
"0",-3e-04,20,"0.8","N8",0.0432,0.0492,0.0499039572880305,-0.00670395728803054,-0.000703957288030542
"0",-7e-04,50,"0","N8",0.006,0.0513,0.0496425321514612,-0.0436425321514612,0.0016574678485388
"0",-8e-04,50,"0.2","N8",0.0199,0.0453,0.0495916321980616,-0.0296916321980616,-0.00429163219806162
"0",-0.0014,50,"0.4","N8",0.0354,0.0474,0.0492871064962146,-0.0138871064962146,-0.0018871064962146
"0",7e-04,50,"0.6","N8",0.0299,0.052,0.0503595174317971,-0.0204595174317971,0.00164048256820288
"0",-6e-04,50,"0.8","N8",0.0418,0.0503,0.0496934737822866,-0.00789347378228662,0.000606526217713385
"0",1e-04,80,"0","N8",0.0066,0.0495,0.0500649836723929,-0.0434649836723929,-0.000564983672392869
"0",-4e-04,80,"0.2","N8",0.0206,0.0479,0.0497407376512485,-0.0291407376512485,-0.00184073765124854
"0",0.0017,80,"0.4","N8",0.039,0.0519,0.0511139080603971,-0.0121139080603971,0.00078609193960294
"0",0.0011,80,"0.6","N8",0.0302,0.0483,0.0507185303471742,-0.0205185303471742,-0.00241853034717422
"0",8e-04,80,"0.8","N8",0.0416,0.0492,0.0505217568524646,-0.00892175685246463,-0.00132175685246463
"0",0,110,"0","N8",0.0052,0.0481,0.05,-0.0448,-0.00190000000000003
"0",2e-04,110,"0.2","N8",0.0219,0.0508,0.0501526864765079,-0.0282526864765079,0.000647313523492052
"0",3e-04,110,"0.4","N8",0.0396,0.0516,0.0502291689816738,-0.0106291689816738,0.00137083101832616
"0",-7e-04,110,"0.6","N8",0.0332,0.0527,0.0494685144673687,-0.0162685144673687,0.00323148553263133
"0",0.0012,110,"0.8","N8",0.0438,0.0518,0.050921702307074,-0.00712170230707405,0.000878297692925953
"0.3",0.3052,20,"0","N8",0.2932,0.3798,0.24293980146196,0.0502601985380401,0.13686019853804
"0.3",0.3062,20,"0.2","N8",0.3117,0.5209,0.243912734667963,0.0677872653320369,0.276987265332037
"0.3",0.3066,20,"0.4","N8",0.3178,0.3902,0.244302495602662,0.0734975043973383,0.145897504397338
"0.3",0.3052,20,"0.6","N8",0.2237,0.3111,0.24293980146196,-0.0192398014619599,0.0681601985380401
"0.3",0.3065,20,"0.8","N8",0.2447,0.2718,0.244205023919295,0.000494976080705006,0.027594976080705
"0.3",0.3016,50,"0","N8",0.7557,0.6301,0.441458791149122,0.314241208850878,0.188641208850878
"0.3",0.302,50,"0.2","N8",0.6763,0.8656,0.442242708269,0.234057291731,0.423357291731
"0.3",0.3055,50,"0.4","N8",0.6213,0.7111,0.449111296609158,0.172188703390842,0.261988703390842
"0.3",0.3036,50,"0.6","N8",0.4758,0.5841,0.445380608199049,0.0304193918009512,0.138719391800951
"0.3",0.3047,50,"0.8","N8",0.4683,0.5073,0.447539912724247,0.0207600872757528,0.0597600872757528
"0.3",0.3014,80,"0","N8",0.9462,0.7648,0.599941761796267,0.346258238203733,0.164858238203733
"0.3",0.3017,80,"0.2","N8",0.8722,0.9696,0.600671495600859,0.271528504399141,0.368928504399141
"0.3",0.3006,80,"0.4","N8",0.7983,0.8659,0.597994104583243,0.200305895416757,0.267905895416757
"0.3",0.3009,80,"0.6","N8",0.6607,0.7586,0.598724764070935,0.0619752359290652,0.159875235929065
"0.3",0.3029,80,"0.8","N8",0.6415,0.6764,0.603586890498862,0.0379131095011378,0.0728131095011378
"0.3",0.3014,110,"0","N8",0.9925,0.838,0.720202748530836,0.272297251469164,0.117797251469164
"0.3",0.3014,110,"0.2","N8",0.9514,0.994,0.720202748530836,0.231197251469164,0.273797251469164
"0.3",0.2986,110,"0.4","N8",0.8988,0.9385,0.713195136685695,0.185604863314305,0.225304863314305
"0.3",0.299,110,"0.6","N8",0.7879,0.8675,0.714201299191121,0.0736987008088792,0.153298700808879
"0.3",0.3032,110,"0.8","N8",0.7585,0.7902,0.724663341644326,0.0338366583556743,0.0655366583556743
"0.5",0.5081,20,"0","N8",0.802,0.782,0.473376747234458,0.328623252765542,0.308623252765542
"0.5",0.513,20,"0.2","N8",0.7162,0.8867,0.479436114319168,0.236763885680832,0.407263885680832
"0.5",0.5122,20,"0.4","N8",0.6501,0.7343,0.478446469621318,0.171653530378682,0.255853530378682
"0.5",0.5132,20,"0.6","N8",0.5016,0.6199,0.479683545440535,0.0219164545594653,0.140216454559465
"0.5",0.5081,20,"0.8","N8",0.4918,0.5273,0.473376747234458,0.0184232527655425,0.0539232527655424
"0.5",0.5036,50,"0","N8",0.9989,0.9649,0.803918624686663,0.194981375313337,0.160981375313337
"0.5",0.5048,50,"0.2","N8",0.983,0.9981,0.805562659035789,0.177437340964211,0.192537340964211
"0.5",0.5053,50,"0.4","N8",0.9532,0.9776,0.806245189423943,0.146954810576057,0.171354810576057
"0.5",0.5042,50,"0.6","N8",0.8716,0.9229,0.804741693296707,0.066858306703293,0.118158306703293
"0.5",0.5071,50,"0.8","N8",0.843,0.866,0.808690180019692,0.034309819980308,0.057309819980308
"0.5",0.5024,80,"0","N8",1,0.992,0.935612826528593,0.064387173471407,0.056387173471407
"0.5",0.504,80,"0.2","N8",0.9994,1,0.936871310370318,0.0625286896296818,0.0631286896296819
"0.5",0.5023,80,"0.4","N8",0.9947,0.9979,0.935533528614439,0.059166471385561,0.062366471385561
"0.5",0.5023,80,"0.6","N8",0.9744,0.988,0.935533528614439,0.038866471385561,0.0524664713855609
"0.5",0.5014,80,"0.8","N8",0.9562,0.9658,0.934816428960468,0.0213835710395317,0.0309835710395316
"0.5",0.5016,110,"0","N8",1,0.9981,0.980468965780079,0.0195310342199206,0.0176310342199206
"0.5",0.502,110,"0.2","N8",1,1,0.980608865572167,0.0193911344278328,0.0193911344278328
"0.5",0.5018,110,"0.4","N8",0.9997,0.9999,0.980539022466417,0.019160977533583,0.019360977533583
"0.5",0.501,110,"0.6","N8",0.996,0.9985,0.980257509239574,0.0157424907604261,0.0182424907604262
"0.5",0.5008,110,"0.8","N8",0.9904,0.9923,0.98018659322998,0.0102134067700204,0.0121134067700204
"0.7",0.7139,20,"0","N8",0.9894,0.9709,0.716409374787307,0.272990625212693,0.254490625212693
"0.7",0.7157,20,"0.2","N8",0.947,0.99,0.718299108148879,0.228700891851121,0.271700891851121
"0.7",0.7114,20,"0.4","N8",0.8915,0.9319,0.713774708297452,0.177725291702548,0.218125291702548
"0.7",0.7155,20,"0.6","N8",0.7813,0.8575,0.718089438033131,0.0632105619668686,0.139410561966869
"0.7",0.7084,20,"0.8","N8",0.7343,0.7638,0.710597841410007,0.0237021585899925,0.0532021585899926
"0.7",0.7047,50,"0","N8",1,0.9998,0.968142406591491,0.031857593408509,0.031657593408509
"0.7",0.7059,50,"0.2","N8",1,1,0.968566114065631,0.031433885934369,0.031433885934369
"0.7",0.7082,50,"0.4","N8",0.9991,0.9999,0.969365198493203,0.029734801506797,0.030534801506797
"0.7",0.7084,50,"0.6","N8",0.9909,0.9958,0.969433881858447,0.0214661181415534,0.0263661181415534
"0.7",0.7024,50,"0.8","N8",0.9825,0.9868,0.967317113154037,0.0151828868459635,0.0194828868459634
"0.7",0.7033,80,"0","N8",1,1,0.997315810251969,0.00268418974803097,0.00268418974803097
"0.7",0.7041,80,"0.2","N8",1,1,0.997357209931726,0.00264279006827373,0.00264279006827373
"0.7",0.7034,80,"0.4","N8",1,1,0.997321017043056,0.00267898295694446,0.00267898295694446
"0.7",0.7045,80,"0.6","N8",0.9994,0.9999,0.997377692720853,0.00202230727914698,0.00252230727914704
"0.7",0.7015,80,"0.8","N8",0.9984,0.9989,0.997220512101824,0.00117948789817568,0.00167948789817574
"0.7",0.7023,110,"0","N8",1,1,0.999805399631497,0.000194600368503273,0.000194600368503273
"0.7",0.7032,110,"0.2","N8",1,1,0.999810257132789,0.000189742867211407,0.000189742867211407
"0.7",0.702,110,"0.4","N8",1,1,0.99980375480856,0.000196245191439903,0.000196245191439903
"0.7",0.7031,110,"0.6","N8",1,1,0.999809723061394,0.000190276938605738,0.000190276938605738
"0.7",0.7026,110,"0.8","N8",1,1,0.999807031564582,0.000192968435418051,0.000192968435418051
"0",-3e-04,20,"0","N9",0.0076,0.0489,0.0499039572880305,-0.0423039572880305,-0.00100395728803054
"0",0.0016,20,"0.2","N9",0.0264,0.0493,0.0505147192328818,-0.0241147192328818,-0.00121471923288176
"0",0.0029,20,"0.4","N9",0.0483,0.0488,0.0509360289020179,-0.00263602890201787,-0.00213602890201787
"0",0.0016,20,"0.6","N9",0.0333,0.0454,0.0505147192328818,-0.0172147192328818,-0.00511471923288175
"0",-3e-04,20,"0.8","N9",0.0499,0.0501,0.0499039572880305,-3.95728803054274e-06,0.000196042711969456
"0",-7e-04,50,"0","N9",0.0089,0.0488,0.0496425321514612,-0.0407425321514612,-0.000842532151461191
"0",-8e-04,50,"0.2","N9",0.0268,0.0448,0.0495916321980616,-0.0227916321980616,-0.00479163219806162
"0",-0.0014,50,"0.4","N9",0.0424,0.0478,0.0492871064962146,-0.00688710649621459,-0.00148710649621459
"0",7e-04,50,"0.6","N9",0.0378,0.0502,0.0503595174317971,-0.0125595174317971,-0.000159517431797117
"0",-6e-04,50,"0.8","N9",0.0483,0.0504,0.0496934737822866,-0.00139347378228661,0.000706526217713388
"0",1e-04,80,"0","N9",0.0095,0.0507,0.0500649836723929,-0.0405649836723929,0.000635016327607131
"0",-4e-04,80,"0.2","N9",0.0265,0.0468,0.0497407376512485,-0.0232407376512485,-0.00294073765124853
"0",0.0017,80,"0.4","N9",0.0485,0.0524,0.0511139080603971,-0.00261390806039706,0.00128609193960294
"0",0.0011,80,"0.6","N9",0.0355,0.0498,0.0507185303471742,-0.0152185303471742,-0.000918530347174221
"0",8e-04,80,"0.8","N9",0.0473,0.05,0.0505217568524646,-0.00322175685246463,-0.000521756852464625
"0",0,110,"0","N9",0.0075,0.0499,0.05,-0.0425,-0.000100000000000031
"0",2e-04,110,"0.2","N9",0.0291,0.0492,0.0501526864765079,-0.0210526864765079,-0.000952686476507945
"0",3e-04,110,"0.4","N9",0.0486,0.0516,0.0502291689816738,-0.00162916898167385,0.00137083101832616
"0",-7e-04,110,"0.6","N9",0.0395,0.0549,0.0494685144673687,-0.00996851446736866,0.00543148553263133
"0",0.0012,110,"0.8","N9",0.0489,0.0517,0.050921702307074,-0.00202170230707405,0.000778297692925957
"0.3",0.3052,20,"0","N9",0.3656,0.3997,0.24293980146196,0.12266019853804,0.15676019853804
"0.3",0.3062,20,"0.2","N9",0.3641,0.533,0.243912734667963,0.120187265332037,0.289087265332037
"0.3",0.3066,20,"0.4","N9",0.3569,0.395,0.244302495602662,0.112597504397338,0.150697504397338
"0.3",0.3052,20,"0.6","N9",0.2555,0.3116,0.24293980146196,0.0125601985380401,0.0686601985380401
"0.3",0.3065,20,"0.8","N9",0.2632,0.2724,0.244205023919295,0.018994976080705,0.028194976080705
"0.3",0.3016,50,"0","N9",0.833,0.6462,0.441458791149122,0.391541208850878,0.204741208850878
"0.3",0.302,50,"0.2","N9",0.7322,0.8736,0.442242708269,0.289957291731,0.431357291731
"0.3",0.3055,50,"0.4","N9",0.6592,0.72,0.449111296609158,0.210088703390842,0.270888703390842
"0.3",0.3036,50,"0.6","N9",0.5131,0.5881,0.445380608199049,0.0677193918009512,0.142719391800951
"0.3",0.3047,50,"0.8","N9",0.4926,0.5085,0.447539912724247,0.0450600872757528,0.0609600872757528
"0.3",0.3014,80,"0","N9",0.9715,0.7825,0.599941761796267,0.371558238203733,0.182558238203733
"0.3",0.3017,80,"0.2","N9",0.9028,0.973,0.600671495600859,0.302128504399141,0.372328504399141
"0.3",0.3006,80,"0.4","N9",0.8307,0.8708,0.597994104583243,0.232705895416757,0.272805895416757
"0.3",0.3009,80,"0.6","N9",0.6942,0.7628,0.598724764070935,0.0954752359290653,0.164075235929065
"0.3",0.3029,80,"0.8","N9",0.6626,0.6767,0.603586890498862,0.0590131095011378,0.0731131095011378
"0.3",0.3014,110,"0","N9",0.9974,0.8541,0.720202748530836,0.277197251469164,0.133897251469164
"0.3",0.3014,110,"0.2","N9",0.9666,0.9947,0.720202748530836,0.246397251469164,0.274497251469164
"0.3",0.2986,110,"0.4","N9",0.9158,0.9424,0.713195136685695,0.202604863314305,0.229204863314305
"0.3",0.299,110,"0.6","N9",0.8176,0.8684,0.714201299191121,0.103398700808879,0.154198700808879
"0.3",0.3032,110,"0.8","N9",0.7766,0.793,0.724663341644326,0.0519366583556743,0.0683366583556744
"0.5",0.5081,20,"0","N9",0.867,0.8018,0.473376747234458,0.393623252765542,0.328423252765542
"0.5",0.513,20,"0.2","N9",0.7674,0.8942,0.479436114319168,0.287963885680832,0.414763885680832
"0.5",0.5122,20,"0.4","N9",0.6904,0.7423,0.478446469621318,0.211953530378682,0.263853530378682
"0.5",0.5132,20,"0.6","N9",0.5399,0.6213,0.479683545440535,0.0602164545594653,0.141616454559465
"0.5",0.5081,20,"0.8","N9",0.5134,0.5278,0.473376747234458,0.0400232527655424,0.0544232527655425
"0.5",0.5036,50,"0","N9",0.9998,0.9718,0.803918624686663,0.195881375313337,0.167881375313337
"0.5",0.5048,50,"0.2","N9",0.9889,0.9987,0.805562659035789,0.183337340964211,0.193137340964211
"0.5",0.5053,50,"0.4","N9",0.9641,0.9792,0.806245189423943,0.157854810576057,0.172954810576057
"0.5",0.5042,50,"0.6","N9",0.8899,0.9253,0.804741693296707,0.0851583067032929,0.120558306703293
"0.5",0.5071,50,"0.8","N9",0.8565,0.8685,0.808690180019692,0.0478098199803081,0.0598098199803081
"0.5",0.5024,80,"0","N9",1,0.9951,0.935612826528593,0.064387173471407,0.059487173471407
"0.5",0.504,80,"0.2","N9",0.9999,1,0.936871310370318,0.0630286896296819,0.0631286896296819
"0.5",0.5023,80,"0.4","N9",0.9962,0.998,0.935533528614439,0.0606664713855609,0.0624664713855609
"0.5",0.5023,80,"0.6","N9",0.9789,0.9884,0.935533528614439,0.0433664713855609,0.0528664713855609
"0.5",0.5014,80,"0.8","N9",0.9617,0.9661,0.934816428960468,0.0268835710395317,0.0312835710395316
"0.5",0.5016,110,"0","N9",1,0.9991,0.980468965780079,0.0195310342199206,0.0186310342199206
"0.5",0.502,110,"0.2","N9",1,1,0.980608865572167,0.0193911344278328,0.0193911344278328
"0.5",0.5018,110,"0.4","N9",0.9997,0.9998,0.980539022466417,0.019160977533583,0.019260977533583
"0.5",0.501,110,"0.6","N9",0.9971,0.9985,0.980257509239574,0.0168424907604261,0.0182424907604262
"0.5",0.5008,110,"0.8","N9",0.9911,0.9931,0.98018659322998,0.0109134067700204,0.0129134067700204
"0.7",0.7139,20,"0","N9",0.9955,0.9793,0.716409374787307,0.279090625212693,0.262890625212693
"0.7",0.7157,20,"0.2","N9",0.9623,0.9912,0.718299108148879,0.244000891851121,0.272900891851121
"0.7",0.7114,20,"0.4","N9",0.9119,0.936,0.713774708297452,0.198125291702548,0.222225291702548
"0.7",0.7155,20,"0.6","N9",0.8087,0.8607,0.718089438033131,0.0906105619668686,0.142610561966869
"0.7",0.7084,20,"0.8","N9",0.7545,0.7653,0.710597841410007,0.0439021585899925,0.0547021585899925
"0.7",0.7047,50,"0","N9",1,0.9998,0.968142406591491,0.031857593408509,0.031657593408509
"0.7",0.7059,50,"0.2","N9",1,1,0.968566114065631,0.031433885934369,0.031433885934369
"0.7",0.7082,50,"0.4","N9",0.9996,1,0.969365198493203,0.030234801506797,0.030634801506797
"0.7",0.7084,50,"0.6","N9",0.9926,0.9959,0.969433881858447,0.0231661181415534,0.0264661181415534
"0.7",0.7024,50,"0.8","N9",0.9849,0.9865,0.967317113154037,0.0175828868459634,0.0191828868459635
"0.7",0.7033,80,"0","N9",1,1,0.997315810251969,0.00268418974803097,0.00268418974803097
"0.7",0.7041,80,"0.2","N9",1,1,0.997357209931726,0.00264279006827373,0.00264279006827373
"0.7",0.7034,80,"0.4","N9",1,1,0.997321017043056,0.00267898295694446,0.00267898295694446
"0.7",0.7045,80,"0.6","N9",0.9995,0.9998,0.997377692720853,0.00212230727914708,0.00242230727914705
"0.7",0.7015,80,"0.8","N9",0.9986,0.9991,0.997220512101824,0.00137948789817577,0.00187948789817571
"0.7",0.7023,110,"0","N9",1,1,0.999805399631497,0.000194600368503273,0.000194600368503273
"0.7",0.7032,110,"0.2","N9",1,1,0.999810257132789,0.000189742867211407,0.000189742867211407
"0.7",0.702,110,"0.4","N9",1,1,0.99980375480856,0.000196245191439903,0.000196245191439903
"0.7",0.7031,110,"0.6","N9",1,1,0.999809723061394,0.000190276938605738,0.000190276938605738
"0.7",0.7026,110,"0.8","N9",1,1,0.999807031564582,0.000192968435418051,0.000192968435418051
"0",-3e-04,20,"0","N10",0.0113,0.0473,0.0499039572880305,-0.0386039572880305,-0.00260395728803054
"0",0.0016,20,"0.2","N10",0.0335,0.0484,0.0505147192328818,-0.0170147192328818,-0.00211471923288176
"0",0.0029,20,"0.4","N10",0.0269,0.0485,0.0509360289020179,-0.0240360289020179,-0.00243602890201787
"0",0.0016,20,"0.6","N10",0.0382,0.0453,0.0505147192328818,-0.0123147192328818,-0.00521471923288176
"0",-3e-04,20,"0.8","N10",0.0426,0.051,0.0499039572880305,-0.00730395728803054,0.00109604271196945
"0",-7e-04,50,"0","N10",0.0121,0.0488,0.0496425321514612,-0.0375425321514612,-0.000842532151461191
"0",-8e-04,50,"0.2","N10",0.0346,0.0458,0.0495916321980616,-0.0149916321980616,-0.00379163219806162
"0",-0.0014,50,"0.4","N10",0.0246,0.0471,0.0492871064962146,-0.0246871064962146,-0.00218710649621459
"0",7e-04,50,"0.6","N10",0.044,0.05,0.0503595174317971,-0.00635951743179712,-0.000359517431797116
"0",-6e-04,50,"0.8","N10",0.04,0.0501,0.0496934737822866,-0.00969347378228661,0.000406526217713386
"0",1e-04,80,"0","N10",0.013,0.0507,0.0500649836723929,-0.0370649836723929,0.000635016327607131
"0",-4e-04,80,"0.2","N10",0.0335,0.0472,0.0497407376512485,-0.0162407376512485,-0.00254073765124854
"0",0.0017,80,"0.4","N10",0.0281,0.0537,0.0511139080603971,-0.0230139080603971,0.00258609193960294
"0",0.0011,80,"0.6","N10",0.0412,0.0487,0.0507185303471742,-0.00951853034717422,-0.00201853034717422
"0",8e-04,80,"0.8","N10",0.0404,0.0485,0.0505217568524646,-0.0101217568524646,-0.00202175685246463
"0",0,110,"0","N10",0.0103,0.0499,0.05,-0.0397,-0.000100000000000031
"0",2e-04,110,"0.2","N10",0.0371,0.0514,0.0501526864765079,-0.0130526864765079,0.00124731352349206
"0",3e-04,110,"0.4","N10",0.0301,0.0504,0.0502291689816738,-0.0201291689816738,0.000170831018326156
"0",-7e-04,110,"0.6","N10",0.0464,0.0542,0.0494685144673687,-0.00306851446736867,0.00473148553263134
"0",0.0012,110,"0.8","N10",0.0419,0.052,0.050921702307074,-0.00902170230707405,0.00107829769292595
"0.3",0.3052,20,"0","N10",0.4418,0.4143,0.24293980146196,0.19886019853804,0.17136019853804
"0.3",0.3062,20,"0.2","N10",0.4107,0.5466,0.243912734667963,0.166787265332037,0.302687265332037
"0.3",0.3066,20,"0.4","N10",0.2757,0.4001,0.244302495602662,0.0313975043973383,0.155797504397338
"0.3",0.3052,20,"0.6","N10",0.2803,0.3124,0.24293980146196,0.0373601985380401,0.0694601985380401
"0.3",0.3065,20,"0.8","N10",0.2399,0.2722,0.244205023919295,-0.00430502391929499,0.027994976080705
"0.3",0.3016,50,"0","N10",0.8845,0.6642,0.441458791149122,0.443041208850878,0.222741208850878
"0.3",0.302,50,"0.2","N10",0.7761,0.8807,0.442242708269,0.333857291731,0.438457291731
"0.3",0.3055,50,"0.4","N10",0.5832,0.7201,0.449111296609158,0.134088703390842,0.270988703390842
"0.3",0.3036,50,"0.6","N10",0.546,0.5927,0.445380608199049,0.100619391800951,0.147319391800951
"0.3",0.3047,50,"0.8","N10",0.464,0.5081,0.447539912724247,0.0164600872757528,0.0605600872757528
"0.3",0.3014,80,"0","N10",0.9865,0.8031,0.599941761796267,0.386558238203733,0.203158238203733
"0.3",0.3017,80,"0.2","N10",0.9267,0.9762,0.600671495600859,0.326028504399141,0.375528504399141
"0.3",0.3006,80,"0.4","N10",0.7769,0.873,0.597994104583243,0.178905895416757,0.275005895416757
"0.3",0.3009,80,"0.6","N10",0.7214,0.7659,0.598724764070935,0.122675235929065,0.167175235929065
"0.3",0.3029,80,"0.8","N10",0.6342,0.6768,0.603586890498862,0.0306131095011378,0.0732131095011378
"0.3",0.3014,110,"0","N10",0.9988,0.8687,0.720202748530836,0.278597251469164,0.148497251469164
"0.3",0.3014,110,"0.2","N10",0.9765,0.9961,0.720202748530836,0.256297251469164,0.275897251469164
"0.3",0.2986,110,"0.4","N10",0.8839,0.9462,0.713195136685695,0.170704863314305,0.233004863314305
"0.3",0.299,110,"0.6","N10",0.8373,0.871,0.714201299191121,0.123098700808879,0.156798700808879
"0.3",0.3032,110,"0.8","N10",0.7554,0.7938,0.724663341644326,0.0307366583556743,0.0691366583556743
"0.5",0.5081,20,"0","N10",0.9132,0.821,0.473376747234458,0.439823252765542,0.347623252765542
"0.5",0.513,20,"0.2","N10",0.8107,0.9038,0.479436114319168,0.331263885680832,0.424363885680832
"0.5",0.5122,20,"0.4","N10",0.6119,0.748,0.478446469621318,0.133453530378682,0.269553530378682
"0.5",0.5132,20,"0.6","N10",0.5725,0.6233,0.479683545440535,0.0928164545594653,0.143616454559465
"0.5",0.5081,20,"0.8","N10",0.4828,0.5277,0.473376747234458,0.00942325276554246,0.0543232527655424
"0.5",0.5036,50,"0","N10",1,0.9808,0.803918624686663,0.196081375313337,0.176881375313337
"0.5",0.5048,50,"0.2","N10",0.9931,0.9989,0.805562659035789,0.187537340964211,0.193337340964211
"0.5",0.5053,50,"0.4","N10",0.9466,0.9806,0.806245189423943,0.140354810576057,0.174354810576057
"0.5",0.5042,50,"0.6","N10",0.9051,0.9257,0.804741693296707,0.100358306703293,0.120958306703293
"0.5",0.5071,50,"0.8","N10",0.8408,0.8682,0.808690180019692,0.032109819980308,0.059509819980308
"0.5",0.5024,80,"0","N10",1,0.9964,0.935612826528593,0.064387173471407,0.0607871734714069
"0.5",0.504,80,"0.2","N10",1,1,0.936871310370318,0.0631286896296819,0.0631286896296819
"0.5",0.5023,80,"0.4","N10",0.9939,0.9981,0.935533528614439,0.0583664713855609,0.0625664713855609
"0.5",0.5023,80,"0.6","N10",0.9834,0.9887,0.935533528614439,0.047866471385561,0.053166471385561
"0.5",0.5014,80,"0.8","N10",0.9567,0.9666,0.934816428960468,0.0218835710395316,0.0317835710395317
"0.5",0.5016,110,"0","N10",1,0.9996,0.980468965780079,0.0195310342199206,0.0191310342199207
"0.5",0.502,110,"0.2","N10",1,1,0.980608865572167,0.0193911344278328,0.0193911344278328
"0.5",0.5018,110,"0.4","N10",0.9996,0.9999,0.980539022466417,0.019060977533583,0.019360977533583
"0.5",0.501,110,"0.6","N10",0.9982,0.9988,0.980257509239574,0.0179424907604261,0.0185424907604261
"0.5",0.5008,110,"0.8","N10",0.9897,0.9931,0.98018659322998,0.00951340677002044,0.0129134067700204
"0.7",0.7139,20,"0","N10",0.9977,0.9854,0.716409374787307,0.281290625212693,0.268990625212693
"0.7",0.7157,20,"0.2","N10",0.9714,0.992,0.718299108148879,0.253100891851121,0.273700891851121
"0.7",0.7114,20,"0.4","N10",0.878,0.9388,0.713774708297452,0.164225291702548,0.225025291702548
"0.7",0.7155,20,"0.6","N10",0.8322,0.8615,0.718089438033131,0.114110561966869,0.143410561966869
"0.7",0.7084,20,"0.8","N10",0.7317,0.7659,0.710597841410007,0.0211021585899925,0.0553021585899925
"0.7",0.7047,50,"0","N10",1,1,0.968142406591491,0.031857593408509,0.031857593408509
"0.7",0.7059,50,"0.2","N10",1,1,0.968566114065631,0.031433885934369,0.031433885934369
"0.7",0.7082,50,"0.4","N10",0.9992,1,0.969365198493203,0.029834801506797,0.030634801506797
"0.7",0.7084,50,"0.6","N10",0.9942,0.9958,0.969433881858447,0.0247661181415534,0.0263661181415534
"0.7",0.7024,50,"0.8","N10",0.9822,0.9869,0.967317113154037,0.0148828868459634,0.0195828868459634
"0.7",0.7033,80,"0","N10",1,1,0.997315810251969,0.00268418974803097,0.00268418974803097
"0.7",0.7041,80,"0.2","N10",1,1,0.997357209931726,0.00264279006827373,0.00264279006827373
"0.7",0.7034,80,"0.4","N10",1,1,0.997321017043056,0.00267898295694446,0.00267898295694446
"0.7",0.7045,80,"0.6","N10",0.9996,0.9998,0.997377692720853,0.00222230727914707,0.00242230727914705
"0.7",0.7015,80,"0.8","N10",0.9983,0.9991,0.997220512101824,0.00107948789817569,0.00187948789817571
"0.7",0.7023,110,"0","N10",1,1,0.999805399631497,0.000194600368503273,0.000194600368503273
"0.7",0.7032,110,"0.2","N10",1,1,0.999810257132789,0.000189742867211407,0.000189742867211407
"0.7",0.702,110,"0.4","N10",1,1,0.99980375480856,0.000196245191439903,0.000196245191439903
"0.7",0.7031,110,"0.6","N10",1,1,0.999809723061394,0.000190276938605738,0.000190276938605738
"0.7",0.7026,110,"0.8","N10",0.9999,1,0.999807031564582,9.29684354180615e-05,0.000192968435418051
"0",-3e-04,20,"0","N11",0.0156,0.0462,0.0499039572880305,-0.0343039572880305,-0.00370395728803054
"0",0.0016,20,"0.2","N11",0.0409,0.0497,0.0505147192328818,-0.00961471923288176,-0.000814719232881754
"0",0.0029,20,"0.4","N11",0.0336,0.0483,0.0509360289020179,-0.0173360289020179,-0.00263602890201787
"0",0.0016,20,"0.6","N11",0.0292,0.0463,0.0505147192328818,-0.0213147192328818,-0.00421471923288175
"0",-3e-04,20,"0.8","N11",0.0471,0.0514,0.0499039572880305,-0.00280395728803054,0.00149604271196946
"0",-7e-04,50,"0","N11",0.016,0.0492,0.0496425321514612,-0.0336425321514612,-0.000442532151461193
"0",-8e-04,50,"0.2","N11",0.042,0.0475,0.0495916321980616,-0.00759163219806162,-0.00209163219806162
"0",-0.0014,50,"0.4","N11",0.0303,0.047,0.0492871064962146,-0.0189871064962146,-0.00228710649621459
"0",7e-04,50,"0.6","N11",0.0327,0.0504,0.0503595174317971,-0.0176595174317971,4.0482568202882e-05
"0",-6e-04,50,"0.8","N11",0.0443,0.0506,0.0496934737822866,-0.00539347378228661,0.000906526217713387
"0",1e-04,80,"0","N11",0.0167,0.0542,0.0500649836723929,-0.0333649836723929,0.00413501632760713
"0",-4e-04,80,"0.2","N11",0.0415,0.0469,0.0497407376512485,-0.00824073765124853,-0.00284073765124854
"0",0.0017,80,"0.4","N11",0.034,0.0536,0.0511139080603971,-0.0171139080603971,0.00248609193960294
"0",0.0011,80,"0.6","N11",0.0312,0.049,0.0507185303471742,-0.0195185303471742,-0.00171853034717422
"0",8e-04,80,"0.8","N11",0.0445,0.0497,0.0505217568524646,-0.00602175685246463,-0.000821756852464627
"0",0,110,"0","N11",0.0142,0.0538,0.05,-0.0358,0.00379999999999997
"0",2e-04,110,"0.2","N11",0.0447,0.0516,0.0501526864765079,-0.00545268647650795,0.00144731352349205
"0",3e-04,110,"0.4","N11",0.0358,0.0525,0.0502291689816738,-0.0144291689816738,0.00227083101832615
"0",-7e-04,110,"0.6","N11",0.0347,0.0541,0.0494685144673687,-0.0147685144673687,0.00463148553263134
"0",0.0012,110,"0.8","N11",0.0462,0.052,0.050921702307074,-0.00472170230707405,0.00107829769292595
"0.3",0.3052,20,"0","N11",0.5061,0.4239,0.24293980146196,0.26316019853804,0.18096019853804
"0.3",0.3062,20,"0.2","N11",0.4535,0.552,0.243912734667963,0.209587265332037,0.308087265332037
"0.3",0.3066,20,"0.4","N11",0.3059,0.3992,0.244302495602662,0.0615975043973383,0.154897504397338
"0.3",0.3052,20,"0.6","N11",0.2378,0.3142,0.24293980146196,-0.00513980146195991,0.0712601985380401
"0.3",0.3065,20,"0.8","N11",0.2554,0.2738,0.244205023919295,0.011194976080705,0.029594976080705
"0.3",0.3016,50,"0","N11",0.9238,0.6854,0.441458791149122,0.482341208850878,0.243941208850878
"0.3",0.302,50,"0.2","N11",0.8118,0.8895,0.442242708269,0.369557291731,0.447257291731
"0.3",0.3055,50,"0.4","N11",0.6209,0.7244,0.449111296609158,0.171788703390842,0.275288703390842
"0.3",0.3036,50,"0.6","N11",0.4987,0.5947,0.445380608199049,0.0533193918009512,0.149319391800951
"0.3",0.3047,50,"0.8","N11",0.4838,0.5089,0.447539912724247,0.0362600872757528,0.0613600872757528
"0.3",0.3014,80,"0","N11",0.9937,0.8195,0.599941761796267,0.393758238203733,0.219558238203733
"0.3",0.3017,80,"0.2","N11",0.945,0.9785,0.600671495600859,0.344328504399141,0.377828504399141
"0.3",0.3006,80,"0.4","N11",0.8058,0.8764,0.597994104583243,0.207805895416757,0.278405895416757
"0.3",0.3009,80,"0.6","N11",0.6825,0.7661,0.598724764070935,0.0837752359290652,0.167375235929065
"0.3",0.3029,80,"0.8","N11",0.6522,0.6778,0.603586890498862,0.0486131095011378,0.0742131095011378
"0.3",0.3014,110,"0","N11",0.9996,0.8816,0.720202748530836,0.279397251469164,0.161397251469164
"0.3",0.3014,110,"0.2","N11",0.9828,0.9968,0.720202748530836,0.262597251469164,0.276597251469164
"0.3",0.2986,110,"0.4","N11",0.902,0.9479,0.713195136685695,0.188804863314305,0.234704863314305
"0.3",0.299,110,"0.6","N11",0.8079,0.8735,0.714201299191121,0.0936987008088791,0.159298700808879
"0.3",0.3032,110,"0.8","N11",0.7713,0.7946,0.724663341644326,0.0466366583556743,0.0699366583556743
"0.5",0.5081,20,"0","N11",0.9456,0.8395,0.473376747234458,0.472223252765542,0.366123252765542
"0.5",0.513,20,"0.2","N11",0.8422,0.9083,0.479436114319168,0.362763885680832,0.428863885680832
"0.5",0.5122,20,"0.4","N11",0.6505,0.7507,0.478446469621318,0.172053530378682,0.272253530378682
"0.5",0.5132,20,"0.6","N11",0.5295,0.6256,0.479683545440535,0.0498164545594653,0.145916454559465
"0.5",0.5081,20,"0.8","N11",0.5026,0.5291,0.473376747234458,0.0292232527655425,0.0557232527655425
"0.5",0.5036,50,"0","N11",1,0.9834,0.803918624686663,0.196081375313337,0.179481375313337
"0.5",0.5048,50,"0.2","N11",0.9956,0.9995,0.805562659035789,0.190037340964211,0.193937340964211
"0.5",0.5053,50,"0.4","N11",0.9571,0.9817,0.806245189423943,0.150854810576057,0.175454810576057
"0.5",0.5042,50,"0.6","N11",0.888,0.9267,0.804741693296707,0.0832583067032929,0.121958306703293
"0.5",0.5071,50,"0.8","N11",0.8531,0.8687,0.808690180019692,0.044409819980308,0.0600098199803081
"0.5",0.5024,80,"0","N11",1,0.9976,0.935612826528593,0.064387173471407,0.061987173471407
"0.5",0.504,80,"0.2","N11",1,1,0.936871310370318,0.0631286896296819,0.0631286896296819
"0.5",0.5023,80,"0.4","N11",0.9955,0.9984,0.935533528614439,0.059966471385561,0.0628664713855609
"0.5",0.5023,80,"0.6","N11",0.9797,0.9889,0.935533528614439,0.044166471385561,0.0533664713855609
"0.5",0.5014,80,"0.8","N11",0.9616,0.9665,0.934816428960468,0.0267835710395317,0.0316835710395317
"0.5",0.5016,110,"0","N11",1,1,0.980468965780079,0.0195310342199206,0.0195310342199206
"0.5",0.502,110,"0.2","N11",1,1,0.980608865572167,0.0193911344278328,0.0193911344278328
"0.5",0.5018,110,"0.4","N11",0.9998,0.9999,0.980539022466417,0.019260977533583,0.019360977533583
"0.5",0.501,110,"0.6","N11",0.997,0.9987,0.980257509239574,0.0167424907604261,0.0184424907604261
"0.5",0.5008,110,"0.8","N11",0.9907,0.9935,0.98018659322998,0.0105134067700204,0.0133134067700205
"0.7",0.7139,20,"0","N11",0.9991,0.9893,0.716409374787307,0.282690625212693,0.272890625212693
"0.7",0.7157,20,"0.2","N11",0.9797,0.9929,0.718299108148879,0.261400891851121,0.274600891851121
"0.7",0.7114,20,"0.4","N11",0.8979,0.9403,0.713774708297452,0.184125291702548,0.226525291702548
"0.7",0.7155,20,"0.6","N11",0.8008,0.8625,0.718089438033131,0.0827105619668685,0.144410561966869
"0.7",0.7084,20,"0.8","N11",0.7469,0.7668,0.710597841410007,0.0363021585899925,0.0562021585899926
"0.7",0.7047,50,"0","N11",1,1,0.968142406591491,0.031857593408509,0.031857593408509
"0.7",0.7059,50,"0.2","N11",1,1,0.968566114065631,0.031433885934369,0.031433885934369
"0.7",0.7082,50,"0.4","N11",0.9996,1,0.969365198493203,0.030234801506797,0.030634801506797
"0.7",0.7084,50,"0.6","N11",0.9921,0.9958,0.969433881858447,0.0226661181415534,0.0263661181415534
"0.7",0.7024,50,"0.8","N11",0.9845,0.9867,0.967317113154037,0.0171828868459635,0.0193828868459635
"0.7",0.7033,80,"0","N11",1,1,0.997315810251969,0.00268418974803097,0.00268418974803097
"0.7",0.7041,80,"0.2","N11",1,1,0.997357209931726,0.00264279006827373,0.00264279006827373
"0.7",0.7034,80,"0.4","N11",1,1,0.997321017043056,0.00267898295694446,0.00267898295694446
"0.7",0.7045,80,"0.6","N11",0.9996,0.9998,0.997377692720853,0.00222230727914707,0.00242230727914705
"0.7",0.7015,80,"0.8","N11",0.9988,0.9991,0.997220512101824,0.00157948789817575,0.00187948789817571
"0.7",0.7023,110,"0","N11",1,1,0.999805399631497,0.000194600368503273,0.000194600368503273
"0.7",0.7032,110,"0.2","N11",1,1,0.999810257132789,0.000189742867211407,0.000189742867211407
"0.7",0.702,110,"0.4","N11",1,1,0.99980375480856,0.000196245191439903,0.000196245191439903
"0.7",0.7031,110,"0.6","N11",1,1,0.999809723061394,0.000190276938605738,0.000190276938605738
"0.7",0.7026,110,"0.8","N11",1,1,0.999807031564582,0.000192968435418051,0.000192968435418051
"0",-3e-04,20,"0","N12",0.0197,0.1004,0.0499039572880305,-0.0302039572880305,0.0504960427119695
"0",0.0016,20,"0.2","N12",0.018,0.092,0.0505147192328818,-0.0325147192328818,0.0414852807671182
"0",0.0029,20,"0.4","N12",0.0397,0.0955,0.0509360289020179,-0.0112360289020179,0.0445639710979821
"0",0.0016,20,"0.6","N12",0.0336,0.0835,0.0505147192328818,-0.0169147192328818,0.0329852807671182
"0",-3e-04,20,"0.8","N12",0.0408,0.0738,0.0499039572880305,-0.00910395728803054,0.0238960427119695
"0",-7e-04,50,"0","N12",0.0198,0.0981,0.0496425321514612,-0.0298425321514612,0.0484574678485388
"0",-8e-04,50,"0.2","N12",0.0182,0.0953,0.0495916321980616,-0.0313916321980616,0.0457083678019384
"0",-0.0014,50,"0.4","N12",0.0364,0.0881,0.0492871064962146,-0.0128871064962146,0.0388128935037854
"0",7e-04,50,"0.6","N12",0.0374,0.0895,0.0503595174317971,-0.0129595174317971,0.0391404825682029
"0",-6e-04,50,"0.8","N12",0.0369,0.0752,0.0496934737822866,-0.0127934737822866,0.0255065262177134
"0",1e-04,80,"0","N12",0.0216,0.0995,0.0500649836723929,-0.0284649836723929,0.0494350163276071
"0",-4e-04,80,"0.2","N12",0.0169,0.092,0.0497407376512485,-0.0328407376512485,0.0422592623487515
"0",0.0017,80,"0.4","N12",0.0407,0.0946,0.0511139080603971,-0.0104139080603971,0.0434860919396029
"0",0.0011,80,"0.6","N12",0.0354,0.0836,0.0507185303471742,-0.0153185303471742,0.0328814696528258
"0",8e-04,80,"0.8","N12",0.0388,0.0752,0.0505217568524646,-0.0117217568524646,0.0246782431475354
"0",0,110,"0","N12",0.019,0.098,0.05,-0.031,0.048
"0",2e-04,110,"0.2","N12",0.0205,0.1023,0.0501526864765079,-0.0296526864765079,0.0521473135234921
"0",3e-04,110,"0.4","N12",0.0414,0.092,0.0502291689816738,-0.00882916898167384,0.0417708310183262
"0",-7e-04,110,"0.6","N12",0.0396,0.0867,0.0494685144673687,-0.00986851446736866,0.0372314855326313
"0",0.0012,110,"0.8","N12",0.0413,0.0763,0.050921702307074,-0.00962170230707404,0.025378297692926
"0.3",0.3052,20,"0","N12",0.5686,0.4081,0.24293980146196,0.32566019853804,0.16516019853804
"0.3",0.3062,20,"0.2","N12",0.3354,0.3957,0.243912734667963,0.0914872653320369,0.151787265332037
"0.3",0.3066,20,"0.4","N12",0.3328,0.3738,0.244302495602662,0.0884975043973383,0.129497504397338
"0.3",0.3052,20,"0.6","N12",0.2604,0.3509,0.24293980146196,0.0174601985380401,0.10796019853804
"0.3",0.3065,20,"0.8","N12",0.2358,0.3171,0.244205023919295,-0.00840502391929498,0.072894976080705
"0.3",0.3016,50,"0","N12",0.9489,0.6812,0.441458791149122,0.507441208850878,0.239741208850878
"0.3",0.302,50,"0.2","N12",0.7247,0.6583,0.442242708269,0.282457291731,0.216057291731
"0.3",0.3055,50,"0.4","N12",0.6526,0.627,0.449111296609158,0.203488703390842,0.177888703390842
"0.3",0.3036,50,"0.6","N12",0.5268,0.5882,0.445380608199049,0.0814193918009513,0.142819391800951
"0.3",0.3047,50,"0.8","N12",0.4589,0.5458,0.447539912724247,0.0113600872757528,0.0982600872757527
"0.3",0.3014,80,"0","N12",0.9969,0.8396,0.599941761796267,0.396958238203733,0.239658238203733
"0.3",0.3017,80,"0.2","N12",0.9083,0.8092,0.600671495600859,0.307628504399141,0.208528504399141
"0.3",0.3006,80,"0.4","N12",0.8302,0.7744,0.597994104583243,0.232205895416757,0.176405895416757
"0.3",0.3009,80,"0.6","N12",0.7053,0.7405,0.598724764070935,0.106575235929065,0.141775235929065
"0.3",0.3029,80,"0.8","N12",0.6304,0.6998,0.603586890498862,0.0268131095011378,0.0962131095011378
"0.3",0.3014,110,"0","N12",0.9999,0.9186,0.720202748530836,0.279697251469164,0.198397251469164
"0.3",0.3014,110,"0.2","N12",0.9693,0.8904,0.720202748530836,0.249097251469164,0.170197251469164
"0.3",0.2986,110,"0.4","N12",0.9181,0.8587,0.713195136685695,0.204904863314305,0.145504863314305
"0.3",0.299,110,"0.6","N12",0.8276,0.8335,0.714201299191121,0.113398700808879,0.119298700808879
"0.3",0.3032,110,"0.8","N12",0.7537,0.8033,0.724663341644326,0.0290366583556744,0.0786366583556743
"0.5",0.5081,20,"0","N12",0.9652,0.7069,0.473376747234458,0.491823252765542,0.233523252765542
"0.5",0.513,20,"0.2","N12",0.767,0.685,0.479436114319168,0.287563885680832,0.205563885680832
"0.5",0.5122,20,"0.4","N12",0.6828,0.6505,0.478446469621318,0.204353530378682,0.172053530378682
"0.5",0.5132,20,"0.6","N12",0.5576,0.61,0.479683545440535,0.0779164545594653,0.130316454559465
"0.5",0.5081,20,"0.8","N12",0.4788,0.5657,0.473376747234458,0.00542325276554245,0.0923232527655424
"0.5",0.5036,50,"0","N12",1,0.9585,0.803918624686663,0.196081375313337,0.154581375313337
"0.5",0.5048,50,"0.2","N12",0.9921,0.9407,0.805562659035789,0.186537340964211,0.135137340964211
"0.5",0.5053,50,"0.4","N12",0.9653,0.9303,0.806245189423943,0.159054810576057,0.124054810576057
"0.5",0.5042,50,"0.6","N12",0.9008,0.8996,0.804741693296707,0.096058306703293,0.0948583067032929
"0.5",0.5071,50,"0.8","N12",0.8402,0.875,0.808690180019692,0.031509819980308,0.066309819980308
"0.5",0.5024,80,"0","N12",1,0.9951,0.935612826528593,0.064387173471407,0.059487173471407
"0.5",0.504,80,"0.2","N12",1,0.9917,0.936871310370318,0.0631286896296819,0.0548286896296819
"0.5",0.5023,80,"0.4","N12",0.9966,0.9843,0.935533528614439,0.061066471385561,0.0487664713855609
"0.5",0.5023,80,"0.6","N12",0.982,0.9786,0.935533528614439,0.0464664713855609,0.043066471385561
"0.5",0.5014,80,"0.8","N12",0.9554,0.9654,0.934816428960468,0.0205835710395317,0.0305835710395317
"0.5",0.5016,110,"0","N12",1,0.9997,0.980468965780079,0.0195310342199206,0.0192310342199207
"0.5",0.502,110,"0.2","N12",1,0.9991,0.980608865572167,0.0193911344278328,0.0184911344278328
"0.5",0.5018,110,"0.4","N12",0.9998,0.9975,0.980539022466417,0.019260977533583,0.0169609775335831
"0.5",0.501,110,"0.6","N12",0.9978,0.9954,0.980257509239574,0.0175424907604261,0.0151424907604261
"0.5",0.5008,110,"0.8","N12",0.9895,0.9914,0.98018659322998,0.00931340677002046,0.0112134067700204
"0.7",0.7139,20,"0","N12",0.9996,0.9105,0.716409374787307,0.283190625212693,0.194090625212693
"0.7",0.7157,20,"0.2","N12",0.9655,0.8899,0.718299108148879,0.247200891851121,0.171600891851121
"0.7",0.7114,20,"0.4","N12",0.9128,0.8522,0.713774708297452,0.199025291702548,0.138425291702548
"0.7",0.7155,20,"0.6","N12",0.821,0.8291,0.718089438033131,0.102910561966869,0.111010561966869
"0.7",0.7084,20,"0.8","N12",0.729,0.7889,0.710597841410007,0.0184021585899925,0.0783021585899926
"0.7",0.7047,50,"0","N12",1,0.9987,0.968142406591491,0.031857593408509,0.0305575934085091
"0.7",0.7059,50,"0.2","N12",1,0.9973,0.968566114065631,0.031433885934369,0.028733885934369
"0.7",0.7082,50,"0.4","N12",0.9997,0.9957,0.969365198493203,0.030334801506797,0.026334801506797
"0.7",0.7084,50,"0.6","N12",0.9934,0.9913,0.969433881858447,0.0239661181415534,0.0218661181415534
"0.7",0.7024,50,"0.8","N12",0.981,0.9862,0.967317113154037,0.0136828868459634,0.0188828868459634
"0.7",0.7033,80,"0","N12",1,1,0.997315810251969,0.00268418974803097,0.00268418974803097
"0.7",0.7041,80,"0.2","N12",1,1,0.997357209931726,0.00264279006827373,0.00264279006827373
"0.7",0.7034,80,"0.4","N12",1,0.9999,0.997321017043056,0.00267898295694446,0.00257898295694448
"0.7",0.7045,80,"0.6","N12",0.9996,0.9997,0.997377692720853,0.00222230727914707,0.00232230727914706
"0.7",0.7015,80,"0.8","N12",0.9984,0.9985,0.997220512101824,0.00117948789817568,0.00127948789817578
"0.7",0.7023,110,"0","N12",1,1,0.999805399631497,0.000194600368503273,0.000194600368503273
"0.7",0.7032,110,"0.2","N12",1,1,0.999810257132789,0.000189742867211407,0.000189742867211407
"0.7",0.702,110,"0.4","N12",1,1,0.99980375480856,0.000196245191439903,0.000196245191439903
"0.7",0.7031,110,"0.6","N12",1,0.9999,0.999809723061394,0.000190276938605738,9.02769386057489e-05
"0.7",0.7026,110,"0.8","N12",1,1,0.999807031564582,0.000192968435418051,0.000192968435418051
